https://pistacja.tv/film/bio00071-tkanki-zwierzece,"Tkanki zwierzęce (pistacja.tv)",biologia,456,II.7.1.,BIO-SP78-III.3.3.,BIO-SP78-III.5.3.,BIO-SP78-III.9.1.
https://pistacja.tv/film/bio00070-tkanki-roslinne,"Tkanki roślinne (pistacja.tv)",biologia,456,II.5.1.
https://pistacja.tv/film/bio00053-znaczenie-okrytonasiennych,"Znaczenie okrytonasiennych (pistacja.tv)",biologia,456,II.5.5.i.,II.5.5.j.,II.5.6.
https://pistacja.tv/film/bio00052-rozmnazanie-roslin-okrytonasiennych,"Rozmnażanie roślin okrytonasiennych (pistacja.tv)",biologia,456,II.5.5.e.,II.5.5.f.,II.5.5.g.
https://pistacja.tv/film/bio00051-rosliny-okrytonasienne,"Rośliny okrytonasienne (pistacja.tv)",biologia,456,II.5.5.a.,II.5.5.b.,II.5.5.c.
https://pistacja.tv/film/bio00050-rosliny-nagonasienne,"Rośliny nagonasienne (pistacja.tv)",biologia,456,II.5.4.b.,II.5.4.c.,II.5.6.
https://pistacja.tv/film/bio00003-komorka-podstawowa-jednostka-zycia,"Komórka - podstawowa jednostka życia (pistacja.tv)",biologia,456,I.4.,I.5.
https://pistacja.tv/film/bio00002-budowa-chemiczna-organizmow-zywych,"Budowa chemiczna organizmów żywych (pistacja.tv)",biologia,456,I.2.,I.3.
https://pistacja.tv/film/bio00001-zglebianie-tajemnic-biologii,"Zgłębianie tajemnic biologii (pistacja.tv)",biologia,456,I.1.
https://pistacja.tv/film/bio00021-klasyfikowanie-roslin-i-zwierzat,"Klasyfikowanie roślin i zwierząt (pistacja.tv)",biologia,456,II.1.1.,II.1.2.,II.1.3.
https://pistacja.tv/film/bio00020-systematyka-organizmow,"Systematyka organizmów (pistacja.tv)",biologia,456,I.1.,II.1.1.,II.5.6.
https://pistacja.tv/film/bio00012-czynnosci-zyciowe-organizmow,"Czynności życiowe organizmów (pistacja.tv)",biologia,456,I.8.
https://pistacja.tv/film/bio00011-oddychanie-tlenowe-i-beztlenowe,"Oddychanie tlenowe i beztlenowe (pistacja.tv)",biologia,456,I.7.
https://pistacja.tv/film/bio00010-fotosynteza,"Fotosynteza (pistacja.tv)",biologia,456,I.6.
https://pistacja.tv/film/bio00089-mieczaki,"Mięczaki (pistacja.tv)",biologia,456,II.7.7.a.,II.7.7.b.,II.7.7.c.
https://pistacja.tv/film/bio00088-pajeczaki,"Pajęczaki (pistacja.tv)",biologia,456,II.7.6.a.,II.7.6.b.,II.7.6.c.
https://pistacja.tv/film/bio00087-owady,"Owady (pistacja.tv)",biologia,456,II.7.6.a.,II.7.6.b.,II.7.6.c.
https://pistacja.tv/film/bio00086-skorupiaki,"Skorupiaki (pistacja.tv)",biologia,456,II.7.6.a.,II.7.6.b.,II.7.6.c.
https://pistacja.tv/film/bio00085-stawonogi,"Stawonogi (pistacja.tv)",biologia,456,II.7.6.a.,II.7.6.b.,II.7.6.c.
https://pistacja.tv/film/bio00084-pierscienice,"Pierścienice (pistacja.tv)",biologia,456,II.7.5.a.,II.7.5.b.,II.7.5.c.
https://pistacja.tv/film/bio00083-nicienie,"Nicienie (pistacja.tv)",biologia,456,II.7.4.a.,II.7.4.b.,II.7.4.c.
https://pistacja.tv/film/bio00082-tasiemce-pasozytnicze,"Tasiemce pasożytnicze (pistacja.tv)",biologia,456,II.7.3.c.,II.7.8.
https://pistacja.tv/film/bio00081-plazince,"Płazińce (pistacja.tv)",biologia,456,II.7.3.a.,II.7.3.b.,II.7.3.d.
https://pistacja.tv/film/bio00080-parzydelkowce,"Parzydełkowce (pistacja.tv)",biologia,456,II.7.2.a.,II.7.2.b.,II.7.2.c.
https://pistacja.tv/film/bio00032-protisty,"Protisty (pistacja.tv)",biologia,456,II.4.1.,II.4.2.,II.4.3.
https://pistacja.tv/film/bio00031-bakterie,"Bakterie (pistacja.tv)",biologia,456,II.3.1.,II.3.2.,II.3.3.
https://pistacja.tv/film/bio00030-wirusy,"Wirusy (pistacja.tv)",biologia,456,II.2.1.,II.2.2.
https://pistacja.tv/film/bio00061-porosty,"Porosty (pistacja.tv)",biologia,456,II.6.1.,BIO-SP78-VII.7.,BIO-SP78-VII.8.
https://pistacja.tv/film/bio00060-grzyby,"Grzyby (pistacja.tv)",biologia,456,II.6.1.,II.6.2.,II.6.3.
https://pistacja.tv/film/bio00041-paprotniki,"Paprotniki (pistacja.tv)",biologia,456,II.5.3.a.,II.5.3.b.,II.5.3.c.
https://pistacja.tv/film/bio00040-mchy,"Mchy (pistacja.tv)",biologia,456,II.5.2.a.,II.5.2.b.,II.5.2.c.
https://pistacja.tv/film/bio00102-znaczenie-ryb,"Znaczenie ryb (pistacja.tv)",biologia,456,II.7.9.d.,II.7.14.c.
https://pistacja.tv/film/bio00101-rozmnazanie-i-rozwoj-ryb,"Rozmnażanie i rozwój ryb (pistacja.tv)",biologia,456,II.7.9.c.
https://pistacja.tv/film/bio00100-jak-ryba-w-wodzie,"Jak ryba w wodzie (pistacja.tv)",biologia,456,II.7.9.a.,II.7.9.b.,II.7.14.a.,II.7.14.b.
https://pistacja.tv/film/bio00133-znaczenie-ptakow,"Znaczenie ptaków (pistacja.tv)",biologia,456,II.7.12.e.,II.7.14.c.
https://pistacja.tv/film/bio00132-ptasie-zwyczaje,"Ptasie zwyczaje (pistacja.tv)",biologia,456,II.7.12.a.,II.7.12.d.,II.7.14.a.,II.7.14.b.
https://pistacja.tv/film/bio00131-rozmnazanie-i-rozwoj-ptakow,"Rozmnażanie i rozwój ptaków (pistacja.tv)",biologia,456,II.7.12.d.
https://pistacja.tv/film/bio00130-z-lotu-ptaka,"Z lotu ptaka (pistacja.tv)",biologia,456,II.7.12.a.,II.7.12.b.,II.7.12.c.
https://pistacja.tv/film/bio00144-znaczenie-ssakow,"Znaczenie ssaków (pistacja.tv)",biologia,456,II.7.13.b.,II.7.13.e.,II.7.14.c.
https://pistacja.tv/film/bio00143-srodowiska-zycia-ssakow,"Środowiska życia ssaków (pistacja.tv)",biologia,456,II.7.13.a.,II.7.13.b.,II.7.14.b.
https://pistacja.tv/film/bio00142-zdobywanie-pokarmu-u-ssakow,"Zdobywanie pokarmu u ssaków (pistacja.tv)",biologia,456,II.7.13.b.,II.7.13.d.
https://pistacja.tv/film/bio00141-rozmnazanie-u-ssakow,"Rozmnażanie u ssaków (pistacja.tv)",biologia,456,II.7.13.b.,II.7.13.d.
https://pistacja.tv/film/bio00140-ssak-niejedno-ma-imie,"Ssak niejedno ma imię (pistacja.tv)",biologia,456,II.7.13.a.,II.7.13.b.,II.7.13.c.,II.7.14.a.
https://pistacja.tv/film/bio00123-krokodyle,"Krokodyle (pistacja.tv)",biologia,456,II.7.11.a.,II.7.11.b.,II.7.11.c.,II.7.14.c.
https://pistacja.tv/film/bio00122-weze-i-jaszczurki,"Węże i jaszczurki (pistacja.tv)",biologia,456,II.7.11.a.,II.7.11.b.,II.7.11.c.,II.7.14.b.
https://pistacja.tv/film/bio00121-zolwie,"Żółwie (pistacja.tv)",biologia,456,II.7.11.a.,II.7.11.b.,II.7.11.c.,II.7.14.a.
https://pistacja.tv/film/bio00120-ty-gadzie,"Ty gadzie! (pistacja.tv)",biologia,456,II.7.11.a.,II.7.11.b.,II.7.11.c.,II.7.11.d.
https://pistacja.tv/film/bio00112-znaczenie-plazow,"Znaczenie płazów (pistacja.tv)",biologia,456,II.7.10.d.,II.7.14.c.
https://pistacja.tv/film/bio00111-rozmnazanie-i-rozwoj-plazow,"Rozmnażanie i rozwój płazów (pistacja.tv)",biologia,456,II.7.10.c.,II.7.14.b.
https://pistacja.tv/film/bio00110-plazy-jak-amfibie,"Płazy jak amfibie (pistacja.tv)",biologia,456,II.7.10.a.,II.7.10.b.,II.7.10.c.,II.7.14.a.
https://pistacja.tv/film/bio00272-zasada-zrownowazonego-rozwoju,"Zasada zrównoważonego rozwoju (pistacja.tv)",biologia,78,VII.9.,VIII.2.,VIII.3.
https://pistacja.tv/film/bio00271-formy-ochrony-przyrody,"Formy ochrony przyrody (pistacja.tv)",biologia,78,VIII.4.,VIII.5.
https://pistacja.tv/film/bio00252-pochodzenie-czlowieka,"Pochodzenie człowieka (pistacja.tv)",biologia,78,VI.3.
https://pistacja.tv/film/bio00251-dobor-naturalny-i-sztuczny,"Dobór naturalny i sztuczny (pistacja.tv)",biologia,78,VI.2.
https://pistacja.tv/film/bio00250-zrodla-wiedzy-o-ewolucji,"Źródła wiedzy o ewolucji (pistacja.tv)",biologia,78,VI.1.
https://pistacja.tv/film/bio00266-obieg-materii-i-przeplyw-energii,"Obieg materii i przepływ energii (pistacja.tv)",biologia,78,VII.5.
https://pistacja.tv/film/bio00265-struktura-troficzna-ekosystemu,"Struktura troficzna ekosystemu (pistacja.tv)",biologia,78,VII.5.,VII.6.
https://pistacja.tv/film/bio00264-nieantagonistyczne-oddzialywania-miedzygatunkowe,"Nieantagonistyczne oddziaływania międzygatunkowe (pistacja.tv)",biologia,78,VII.4.
https://pistacja.tv/film/bio00263-antagonistyczne-oddzialywania-miedzygatunkowe,"Antagonistyczne oddziaływania międzygatunkowe (pistacja.tv)",biologia,78,VII.3.
https://pistacja.tv/film/bio00262-zakres-tolerancji-gatunku,"Zakres tolerancji gatunku (pistacja.tv)",biologia,78,VII.7.
https://pistacja.tv/film/bio00261-cechy-populacji,"Cechy populacji (pistacja.tv)",biologia,78,VII.2.
https://pistacja.tv/film/bio00260-ekosystem-biotop-biocenoza,"Ekosystem = biotop + biocenoza (pistacja.tv)",biologia,78,VII.1.
https://pistacja.tv/film/bio00247-mutacje-i-nowotwory,"Mutacje i nowotwory (pistacja.tv)",biologia,78,V.5.,V.10.
https://pistacja.tv/film/bio00246-dziedziczenie-grup-krwi,"Dziedziczenie grup krwi (pistacja.tv)",biologia,78,V.9.
https://pistacja.tv/film/bio00245-dziedziczenie-plci-cechy-sprzezone-z-plcia,"Dziedziczenie płci, cechy sprzężone z płcią (pistacja.tv)",biologia,78,V.3.,V.7.,V.8.
https://pistacja.tv/film/bio00244-dziedziczenie-cech,"Dziedziczenie cech (pistacja.tv)",biologia,78,V.3.,V.6.
https://pistacja.tv/film/bio00243-podzialy-komorkowe-mejoza,"Podziały komórkowe, mejoza (pistacja.tv)",biologia,78,V.4.
https://pistacja.tv/film/bio00242-cykl-komorkowy-mitoza,"Cykl komórkowy, mitoza (pistacja.tv)",biologia,78,V.3.,V.4.
https://pistacja.tv/film/bio00241-ludzki-genom,"Ludzki genom (pistacja.tv)",biologia,78,V.3.
https://pistacja.tv/film/bio00240-budowa-i-rola-dna,"Budowa i rola DNA (pistacja.tv)",biologia,78,V.1.,V.2.
https://pistacja.tv/film/bio00206-choroby-ukladu-dokrewnego,"Choroby układu dokrewnego (pistacja.tv)",biologia,78,III.11.1.,III.11.2.,III.11.3.
https://pistacja.tv/film/bio00205-gruczoly-dokrewne-i-dzialanie-hormonow,"Gruczoły dokrewne i działanie hormonów (pistacja.tv)",biologia,78,III.11.1.,III.11.2.
https://pistacja.tv/film/bio00204-higiena-ukladu-nerwowego,"Higiena układu nerwowego (pistacja.tv)",biologia,78,III.9.4.,III.9.5.,III.9.6.
https://pistacja.tv/film/bio00203-uklad-autonomiczny,"Układ autonomiczny (pistacja.tv)",biologia,78,III.9.2.
https://pistacja.tv/film/bio00202-luk-odruchowy,"Łuk odruchowy (pistacja.tv)",biologia,78,III.9.3.
https://pistacja.tv/film/bio00201-obwodowy-uklad-nerwowy,"Obwodowy układ nerwowy (pistacja.tv)",biologia,78,III.9.1.
https://pistacja.tv/film/bio00200-osrodkowy-uklad-nerwowy,"Ośrodkowy układ nerwowy (pistacja.tv)",biologia,78,III.9.1.
https://pistacja.tv/film/bio00224-etapy-zycia-czlowieka,"Etapy życia człowieka (pistacja.tv)",biologia,78,III.12.5.
https://pistacja.tv/film/bio00223-ciaza-i-porod,"Ciąża i poród (pistacja.tv)",biologia,78,III.12.3.,III.12.4.
https://pistacja.tv/film/bio00222-cykl-miesieczny,"Cykl miesięczny (pistacja.tv)",biologia,78,III.12.2.
https://pistacja.tv/film/bio00221-zenski-uklad-rozrodczy,"Żeński układ rozrodczy (pistacja.tv)",biologia,78,III.12.1.,III.12.6.,III.12.7.
https://pistacja.tv/film/bio00220-meski-uklad-rozrodczy,"Męski układ rozrodczy (pistacja.tv)",biologia,78,III.12.1.,III.12.6.,III.12.7.
https://pistacja.tv/film/bio00233-dzialanie-lekow,"Działanie leków (pistacja.tv)",biologia,78,IV.3.,IV.4.
https://pistacja.tv/film/bio00232-choroby-jako-zaburzenia-homeostazy,"Choroby jako zaburzenia homeostazy (pistacja.tv)",biologia,78,IV.2.
https://pistacja.tv/film/bio00231-homeostaza-rownowaga-w-organizmie,"Homeostaza, równowaga w organizmie (pistacja.tv)",biologia,78,IV.1.
https://pistacja.tv/film/bio00230-komorka-tkanka-narzad-uklad,"Komórka, tkanka, narząd, układ (pistacja.tv)",biologia,78,III.1.
https://pistacja.tv/film/bio00213-budowa-funkcje-i-higiena-skory,"Budowa, funkcje i higiena skóry (pistacja.tv)",biologia,78,III.2.1.,III.2.2.,III.2.3.,III.2.4.,III.2.5.
https://pistacja.tv/film/bio00212-smak-wech-i-dotyk,"Smak, węch i dotyk (pistacja.tv)",biologia,78,III.10.5.
https://pistacja.tv/film/bio00211-narzad-sluchu-i-rownowagi,"Narząd słuchu i równowagi (pistacja.tv)",biologia,78,III.10.3.,III.10.4.,III.10.5.
https://pistacja.tv/film/bio00210-narzad-wzroku,"Narząd wzroku (pistacja.tv)",biologia,78,III.10.1.,III.10.2.
https://pistacja.tv/film/bio00193-uklad-wydalniczy,"Układ wydalniczy (pistacja.tv)",biologia,78,III.8.1.,III.8.2.,III.8.3.,III.8.4.
https://pistacja.tv/film/bio00192-higiena-i-choroby-ukladu-oddechowego,"Higiena i choroby układu oddechowego (pistacja.tv)",biologia,78,III.7.5.,III.7.6.
https://pistacja.tv/film/bio00191-wymiana-gazowa,"Wymiana gazowa (pistacja.tv)",biologia,78,III.7.2.,III.7.3.,III.7.4.
https://pistacja.tv/film/bio00190-budowa-i-funkcjonowanie-ukladu-oddechowego,"Budowa i funkcjonowanie układu oddechowego (pistacja.tv)",biologia,78,III.7.1.
https://pistacja.tv/film/bio00185-odpornosc-czlowieka,"Odporność człowieka (pistacja.tv)",biologia,78,III.6.2.,III.6.3.,III.6.5.,III.6.6.,III.6.7.
https://pistacja.tv/film/bio00184-budowa-i-funkcje-ukladu-limfatycznego,"Budowa i funkcje układu limfatycznego (pistacja.tv)",biologia,78,III.6.1.
https://pistacja.tv/film/bio00183-higiena-i-choroby-ukladu-krazenia,"Higiena i choroby układu krążenia (pistacja.tv)",biologia,78,III.5.5.,III.5.6.,III.5.7.,III.5.8.
https://pistacja.tv/film/bio00182-sklad-i-funkcje-krwi,"Skład i funkcje krwi (pistacja.tv)",biologia,78,III.5.3.,III.5.4.,III.6.4.
https://pistacja.tv/film/bio00181-krwiobieg-maly-i-duzy,"Krwiobieg mały i duży (pistacja.tv)",biologia,78,III.5.1.,III.5.2.,III.5.3.
https://pistacja.tv/film/bio00180-budowa-i-funkcje-ukladu-krazenia,"Budowa i funkcje układu krążenia (pistacja.tv)",biologia,78,III.5.1.,III.5.5.
https://pistacja.tv/film/bio00164-higiena-i-choroby-ukladu-ruchu,"Higiena i choroby układu ruchu (pistacja.tv)",biologia,78,III.3.4.,III.3.5.
https://pistacja.tv/film/bio00163-polaczenia-kosci,"Połączenia kości (pistacja.tv)",biologia,78,III.3.3.
https://pistacja.tv/film/bio00162-budowa-i-funkcjonowanie-miesni,"Budowa i funkcjonowanie mięśni (pistacja.tv)",biologia,78,III.3.3.
https://pistacja.tv/film/bio00161-budowa-i-funkcje-kosci,"Budowa i funkcje kości (pistacja.tv)",biologia,78,III.3.2.
https://pistacja.tv/film/bio00160-szkielet-osiowy-i-szkielet-konczyn,"Szkielet osiowy i szkielet kończyn (pistacja.tv)",biologia,78,III.3.1.
https://pistacja.tv/film/bio00173-witaminy-i-sole-mineralne,"Witaminy i sole mineralne (pistacja.tv)",biologia,78,III.4.5.
https://pistacja.tv/film/bio00170-budowa-i-funkcjonowanie-ukladu-pokarmowego,"Budowa i funkcjonowanie układu pokarmowego (pistacja.tv)",biologia,78,III.4.1.,III.4.2.
https://pistacja.tv/film/bio00270-roznorodnosc-biologiczna,"Różnorodność biologiczna (pistacja.tv)",biologia,78,VIII.1.,VIII.3.,VIII.4.
https://pistacja.tv/film/bio00174-higiena-i-choroby-ukladu-pokarmowego,"Higiena i choroby układu pokarmowego (pistacja.tv)",biologia,78,III.4.7.,III.4.8.
https://pistacja.tv/film/bio00172-trawienie-pokarmu,"Trawienie pokarmu (pistacja.tv)",biologia,78,III.4.4.
https://pistacja.tv/film/bio00171-skladniki-pokarmowe,"Składniki pokarmowe (pistacja.tv)",biologia,78,III.4.3.,III.4.6.,III.4.7.
https://pistacja.tv/film/chm00048-otrzymywanie-wodorotlenkow,"Otrzymywanie wodorotlenków (pistacja.tv)",chemia,78,VI.2.
https://pistacja.tv/film/chm00047-wlasciwosci-i-zastosowanie-wodorotlenkow,"Właściwości i zastosowanie wodorotlenków (pistacja.tv)",chemia,78,VI.4.
https://pistacja.tv/film/chm00046-otrzymywanie-kwasow,"Otrzymywanie kwasów (pistacja.tv)",chemia,78,VI.2.
https://pistacja.tv/film/chm00045-dysocjacja-kwasow,"Dysocjacja kwasów (pistacja.tv)",chemia,78,VI.4.
https://pistacja.tv/film/chm00044-wlasciwosci-i-zastosowanie-kwasow-beztlenowych,"Właściwości i zastosowanie kwasów beztlenowych (pistacja.tv)",chemia,78,VI.1.,VI.3.
https://pistacja.tv/film/chm00043-wlasciwosci-i-zastosowanie-kwasow-tlenowych,"Właściwości i zastosowanie kwasów tlenowych (pistacja.tv)",chemia,78,VI.1.,VI.3.
https://pistacja.tv/film/chm00042-ph-i-odczyny-roztworow,"pH i odczyny roztworów (pistacja.tv)",chemia,78,VI.4.,VI.5.,VI.6.,VI.7.
https://pistacja.tv/film/chm00055-reakcje-straceniowe,"Reakcje strąceniowe (pistacja.tv)",chemia,78,VII.5.
https://pistacja.tv/film/chm00079-otrzymywanie-soli-kwasow-tlenowych,"Otrzymywanie soli kwasów tlenowych (pistacja.tv)",chemia,78,VII.3.
https://pistacja.tv/film/chm00054-otrzymywanie-soli-kwasow-beztlenowych,"Otrzymywanie soli kwasów beztlenowych (pistacja.tv)",chemia,78,VII.3.
https://pistacja.tv/film/chm00053-dysocjacja-soli,"Dysocjacja soli (pistacja.tv)",chemia,78,VII.4.
https://pistacja.tv/film/chm00052-sole-kwasow-tlenowych,"Sole kwasów tlenowych (pistacja.tv)",chemia,78,VII.2.,VII.6.
https://pistacja.tv/film/chm00051-sole-kwasow-beztlenowych,"Sole kwasów beztlenowych (pistacja.tv)",chemia,78,VII.2.,VII.6.
https://pistacja.tv/film/chm00050-reakcja-zobojetniania,"Reakcja zobojętniania (pistacja.tv)",chemia,78,VII.1.
https://pistacja.tv/film/chm00071-aminokwasy-tworzenie-bialek,"Aminokwasy, tworzenie białek (pistacja.tv)",chemia,78,X.4.,X.5.
https://pistacja.tv/film/chm00075-cukry-zlozone,"Cukry złożone (pistacja.tv)",chemia,78,X.7.,X.10.
https://pistacja.tv/film/chm00074-cukry-proste-i-dwucukry,"Cukry proste i dwucukry (pistacja.tv)",chemia,78,X.7.,X.8.,X.9.
https://pistacja.tv/film/chm00072-badanie-wlasciwosci-bialek,"Badanie właściwości białek (pistacja.tv)",chemia,78,X.5.,X.6.
https://pistacja.tv/film/chm00070-tluszcze,"Tłuszcze (pistacja.tv)",chemia,78,IX.3.,X.1.,X.3.
https://pistacja.tv/film/chm00069-kwasy-tluszczowe,"Kwasy tłuszczowe (pistacja.tv)",chemia,78,X.1.,X.2.,X.3.
https://pistacja.tv/film/chm00037-zanieczyszczenia-powietrza,"Zanieczyszczenia powietrza (pistacja.tv)",chemia,78,IV.10.,VI.8.
https://pistacja.tv/film/chm00036-gazy-szlachetne,"Gazy szlachetne (pistacja.tv)",chemia,78,IV.9.
https://pistacja.tv/film/chm00033-wodor-i-jego-zwiazki,"Wodór i jego związki (pistacja.tv)",chemia,78,IV.7.
https://pistacja.tv/film/chm00032-tlenek-wegla-iv-wlasciwosci,"Tlenek węgla(IV) - właściwości (pistacja.tv)",chemia,78,IV.5.,IV.6.
https://pistacja.tv/film/chm00031-korozja,"Korozja (pistacja.tv)",chemia,78,IV.4.
https://pistacja.tv/film/chm00030-ozon,"Ozon (pistacja.tv)",chemia,78,IV.3.
https://pistacja.tv/film/chm00029-tlenki,"Tlenki (pistacja.tv)",chemia,78,IV.2.,IV.6.
https://pistacja.tv/film/chm00028-wlasciwosci-tlenu,"Właściwości tlenu (pistacja.tv)",chemia,78,IV.1.
https://pistacja.tv/film/chm00035-powietrze,"Powietrze (pistacja.tv)",chemia,78,IV.8.
https://pistacja.tv/film/chm00041-stezenie-procentowe,"Stężenie procentowe (pistacja.tv)",chemia,78,V.7.
https://pistacja.tv/film/chm00040-roztwor-zawiesina-koloid,"Roztwór, zawiesina, koloid (pistacja.tv)",chemia,78,V.2.,V.5.
https://pistacja.tv/film/chm00060-roztwory-nasycone-i-nienasycone,"Roztwory nasycone i nienasycone (pistacja.tv)",chemia,78,V.5.,V.6.
https://pistacja.tv/film/chm00039-rozpuszczalnosc-substancji,"Rozpuszczalność substancji (pistacja.tv)",chemia,78,V.3.,V.4.,V.6.
https://pistacja.tv/film/chm00038-woda-i-jej-wlasciwosci,"Woda i jej właściwości (pistacja.tv)",chemia,78,V.1.,FIZ-SP78-V.1.
https://pistacja.tv/film/chm00068-estry,"Estry (pistacja.tv)",chemia,78,IX.6.
https://pistacja.tv/film/chm00067-wlasciwosci-fizykochemiczne-kwasu-mrowkowego-i-octowego,"Właściwości fizykochemiczne kwasu mrówkowego i octowego (pistacja.tv)",chemia,78,IX.5.
https://pistacja.tv/film/chm00066-kwasy-karboksylowe,"Kwasy karboksylowe (pistacja.tv)",chemia,78,IX.4.
https://pistacja.tv/film/chm00065-glicerol-alkohole-wielowodorotlenowe,"Glicerol, alkohole wielowodorotlenowe (pistacja.tv)",chemia,78,IX.3.
https://pistacja.tv/film/chm00063-alkohole-wzory-nazwy-i-wlasciwosci,"Alkohole, wzory, nazwy i właściwości (pistacja.tv)",chemia,78,IX.1.
https://pistacja.tv/film/chm00022-wzory-sumaryczne-i-strukturalne,"Wzory sumaryczne i strukturalne (pistacja.tv)",chemia,78,I.9.,II.10.,II.14.,II.15.
https://pistacja.tv/film/chm00021-wartosciowosci-pierwiastkow,"Wartościowości pierwiastków (pistacja.tv)",chemia,78,II.13.,II.14.,II.15.
https://pistacja.tv/film/chm00020-porownanie-wlasciwosci-zwiazkow-kowalencyjnych-i-jonowych,"Porównanie właściwości związków kowalencyjnych i jonowych (pistacja.tv)",chemia,78,II.12.
https://pistacja.tv/film/chm00019-wiazania-jonowe,"Wiązania jonowe (pistacja.tv)",chemia,78,II.11.
https://pistacja.tv/film/chm00018-wiazania-kowalencyjne,"Wiązania kowalencyjne (pistacja.tv)",chemia,78,II.10.
https://pistacja.tv/film/chm00017-wiazania-chemiczne-elektroujemnosc,"Wiązania chemiczne, elektroujemność (pistacja.tv)",chemia,78,II.9.
https://pistacja.tv/film/chm00062-polimeryzacja,"Polimeryzacja (pistacja.tv)",chemia,78,VIII.5.,VIII.7.
https://pistacja.tv/film/chm00061-wlasciwosci-weglowodorow-nienasyconych,"Właściwości węglowodorów nienasyconych (pistacja.tv)",chemia,78,VIII.6.,VIII.8.,VIII.9.
https://pistacja.tv/film/chm00059-weglowodory-nienasycone-alkeny-i-alkiny,"Węglowodory nienasycone (alkeny i alkiny) (pistacja.tv)",chemia,78,VIII.5.,VIII.9.
https://pistacja.tv/film/chm00058-wlasciwosci-fizyczne-i-chemiczne-alkanow,"Właściwości fizyczne i chemiczne alkanów (pistacja.tv)",chemia,78,VIII.3.,VIII.4.,VIII.8.,VIII.9.
https://pistacja.tv/film/chm00057-weglowodory-nasycone-alkany,"Węglowodory nasycone (alkany) (pistacja.tv)",chemia,78,VIII.2.,VIII.9.,VIII.10.
https://pistacja.tv/film/chm00056-weglowodory,"Węglowodory (pistacja.tv)",chemia,78,VIII.1.,VIII.9.
https://pistacja.tv/film/chm00078-zapisywanie-rownan-reakcji-chemicznej,"Zapisywanie równań reakcji chemicznej (pistacja.tv)",chemia,78,III.3.
https://pistacja.tv/film/chm00077-prawo-zachowania-masy,"Prawo zachowania masy (pistacja.tv)",chemia,78,I.7.,III.3.,III.7.
https://pistacja.tv/film/chm00027-prawo-stalosci-skladu,"Prawo stałości składu (pistacja.tv)",chemia,78,III.6.,III.7.
https://pistacja.tv/film/chm00076-masa-atomowa-i-masa-czasteczkowa,"Masa atomowa i masa cząsteczkowa (pistacja.tv)",chemia,78,II.6.,III.6.
https://pistacja.tv/film/chm00025-energetyka-reakcji-chemicznych-katalizatory,"Energetyka reakcji chemicznych, katalizatory (pistacja.tv)",chemia,78,III.4.,III.5.
https://pistacja.tv/film/chm00026-typy-reakcji-chemicznych,"Typy reakcji chemicznych (pistacja.tv)",chemia,78,III.1.,III.2.,III.7.
https://pistacja.tv/film/chm00024-przemiana-fizyczna-a-reakcja-chemiczna,"Przemiana fizyczna a reakcja chemiczna (pistacja.tv)",chemia,78,III.1.,III.2.
https://pistacja.tv/film/chm00016-roznica-miedzy-atomem-a-czasteczka,"Różnica między atomem a cząsteczką (pistacja.tv)",chemia,78,II.8.
https://pistacja.tv/film/chm00013-srednia-masa-atomowa,"Średnia masa atomowa (pistacja.tv)",chemia,78,II.5.
https://pistacja.tv/film/chm00012-izotopy,"Izotopy (pistacja.tv)",chemia,78,II.4.
https://pistacja.tv/film/chm00011-liczba-atomowa-i-liczba-masowa-budowa-atomu,"Liczba atomowa i liczba masowa. Budowa atomu (pistacja.tv)",chemia,78,II.3.,II.6.
https://pistacja.tv/film/chm00010-polozenie-pierwiastka-w-ukladzie-okresowym,"Położenie pierwiastka w układzie okresowym (pistacja.tv)",chemia,78,II.1.,II.2.,II.6.
https://pistacja.tv/film/chm00009-uklad-okresowy-pierwiastkow,"Układ okresowy pierwiastków (pistacja.tv)",chemia,78,I.9.,II.2.,II.6.
https://pistacja.tv/film/chm00008-gestosc-masa-objetosc,"Gęstość, masa, objętość (pistacja.tv)",chemia,78,I.10.,FIZ-SP78-V.1.,FIZ-SP78-V.2.,FIZ-SP78-V.9.d.
https://pistacja.tv/film/chm00006-metale-i-niemetale,"Metale i niemetale (pistacja.tv)",chemia,78,I.8.
https://pistacja.tv/film/chm00001-dyfuzja,"Dyfuzja (pistacja.tv)",chemia,78,I.4.,FIZ-SP78-V.1.
https://pistacja.tv/film/chm00003-sposoby-rozdzielania-mieszanin,"Sposoby rozdzielania mieszanin (pistacja.tv)",chemia,78,I.6.
https://pistacja.tv/film/chm00005-podzial-mieszanin,"Podział mieszanin (pistacja.tv)",chemia,78,I.5.
https://pistacja.tv/film/chm00004-pierwiastek-zwiazek-czy-mieszanina,"Pierwiastek, związek czy mieszanina? (pistacja.tv)",chemia,78,I.7.
https://pistacja.tv/film/chm00002-badanie-wlasciwosci-substancji,"Badanie właściwości substancji (pistacja.tv)",chemia,78,I.1.
https://pistacja.tv/film/chm00007-zasady-bezpieczenstwa-w-pracowni-chemicznej,"Zasady bezpieczeństwa w pracowni chemicznej (pistacja.tv)",chemia,78,I.2.
https://pistacja.tv/film/fiz00002-predkosc,"Prędkość (pistacja.tv)",fizyka,78,II.3.,II.4.,II.5.
https://pistacja.tv/film/fiz00004-wykresy-zmian-polozenia-drogi-i-predkosci,"Wykresy zmian położenia, drogi i prędkości (pistacja.tv)",fizyka,78,II.6.,II.9.,II.18.b.
https://pistacja.tv/film/fiz00003-przyspieszenie,"Przyspieszenie (pistacja.tv)",fizyka,78,II.7.,II.8.,II.9.
https://pistacja.tv/film/fiz00001-ruch-i-jego-wzglednosc,"Ruch i jego względność (pistacja.tv)",fizyka,78,II.1.,II.2.
https://pistacja.tv/film/fiz00031-prawo-archimedesa,"Prawo Archimedesa (pistacja.tv)",fizyka,78,V.7.,V.9.c.
https://pistacja.tv/film/fiz00030-prawo-pascala,"Prawo Pascala (pistacja.tv)",fizyka,78,V.5.,V.6.,V.9.b.
https://pistacja.tv/film/fiz00060-cisnienie-hydrostatyczne-i-cisnienie-atmosferyczne,"Ciśnienie hydrostatyczne i ciśnienie atmosferyczne (pistacja.tv)",fizyka,78,V.4.,V.6.,V.9.b.
https://pistacja.tv/film/fiz00029-cisnienie-i-parcie,"Ciśnienie i parcie (pistacja.tv)",fizyka,78,V.3.,V.4.,V.9.a.
https://pistacja.tv/film/fiz00028-napiecie-powierzchniowe,"Napięcie powierzchniowe (pistacja.tv)",fizyka,78,V.8.
https://pistacja.tv/film/fiz00024-zasada-zachowania-energii-w-praktyce,"Zasada zachowania energii w praktyce (pistacja.tv)",fizyka,78,III.5.
https://pistacja.tv/film/fiz00080-energia-potencjalna-sprezystosci,"Energia potencjalna sprężystości (pistacja.tv)",fizyka,78,III.3.,III.4.
https://pistacja.tv/film/fiz00023-energia-potencjalna-grawitacji,"Energia potencjalna grawitacji (pistacja.tv)",fizyka,78,III.3.,III.4.
https://pistacja.tv/film/fiz00022-energia-kinetyczna,"Energia kinetyczna (pistacja.tv)",fizyka,78,III.3.,III.4.
https://pistacja.tv/film/fiz00021-moc,"Moc (pistacja.tv)",fizyka,78,III.2.
https://pistacja.tv/film/fiz00020-praca,"Praca (pistacja.tv)",fizyka,78,III.1.
https://pistacja.tv/film/fiz00019-co-to-jest-energia,"Co to jest energia? (pistacja.tv)",fizyka,78,III.3.,III.5.
https://pistacja.tv/film/fiz00011-optyka-oka-i-wady-refrakcji,"Optyka oka i wady refrakcji (pistacja.tv)",fizyka,78,IX.9.,IX.14.b.
https://pistacja.tv/film/fiz00090-obrazy-w-soczewkach,"Obrazy w soczewkach (pistacja.tv)",fizyka,78,IX.8.
https://pistacja.tv/film/fiz00010-obrazy-w-zwierciadlach,"Obrazy w zwierciadłach (pistacja.tv)",fizyka,78,IX.5.
https://pistacja.tv/film/fiz00009-zwierciadla-i-soczewki,"Zwierciadła i soczewki (pistacja.tv)",fizyka,78,IX.4.,IX.7.,IX.14.a.
https://pistacja.tv/film/fiz00008-zalamanie-i-rozszczepienie-swiatla,"Załamanie i rozszczepienie światła (pistacja.tv)",fizyka,78,IX.6.,IX.10.,IX.11.,IX.14.a.,IX.14.c.
https://pistacja.tv/film/fiz00007-odbicie-i-rozproszenie-swiatla,"Odbicie i rozproszenie światła (pistacja.tv)",fizyka,78,IX.2.,IX.3.
https://pistacja.tv/film/fiz00005-cien-i-polcien,"Cień i półcień (pistacja.tv)",fizyka,78,IX.1.
https://pistacja.tv/film/fiz00006-swiatlo-i-jego-wlasciwosci,"Światło i jego właściwości (pistacja.tv)",fizyka,78,IX.1.,IX.12.,IX.13.
https://pistacja.tv/film/fiz00054-fale-elektromagnetyczne,"Fale elektromagnetyczne (pistacja.tv)",fizyka,78,IX.12.,IX.13.
https://pistacja.tv/film/fiz00053-przemiany-energii-w-ruchu-drgajacym,"Przemiany energii w ruchu drgającym (pistacja.tv)",fizyka,78,VIII.2.
https://pistacja.tv/film/fiz00052-fale-dzwiekowe,"Fale dźwiękowe (pistacja.tv)",fizyka,78,VIII.6.,VIII.7.,VIII.8.,VIII.9.b.,VIII.9.c.
https://pistacja.tv/film/fiz00051-fale-rozchodzenie-sie-fal,"Fale, rozchodzenie się fal (pistacja.tv)",fizyka,78,VIII.4.,VIII.5.,VIII.9.a.
https://pistacja.tv/film/fiz00050-amplituda-okres-i-czestotliwosc-drgan,"Amplituda, okres i częstotliwość drgań (pistacja.tv)",fizyka,78,VIII.2.,VIII.3.,VIII.9.a.
https://pistacja.tv/film/fiz00049-drgania-ruch-drgajacy,"Drgania, ruch drgający (pistacja.tv)",fizyka,78,VIII.1.,VIII.2.
https://pistacja.tv/film/fiz00048-silnik-elektryczny,"Silnik elektryczny (pistacja.tv)",fizyka,78,VII.6.
https://pistacja.tv/film/fiz00047-elektromagnes,"Elektromagnes (pistacja.tv)",fizyka,78,VII.5.
https://pistacja.tv/film/fiz00046-wlasciwosci-magnetyczne-przewodnika-z-pradem,"Właściwości magnetyczne przewodnika z prądem (pistacja.tv)",fizyka,78,VII.4.,VII.7.a.,VII.7.b.
https://pistacja.tv/film/fiz00045-magnesy-wokol-nas,"Magnesy wokół nas (pistacja.tv)",fizyka,78,VII.1.,VII.2.,VII.3.
https://pistacja.tv/film/fiz00071-i-zasada-termodynamiki,"I zasada termodynamiki (pistacja.tv)",fizyka,78,IV.4.,IV.3.
https://pistacja.tv/film/fiz00034-konwekcja-i-promieniowanie,"Konwekcja i promieniowanie (pistacja.tv)",fizyka,78,IV.8.
https://pistacja.tv/film/fiz00070-przewodnictwo-cieplne,"Przewodnictwo cieplne (pistacja.tv)",fizyka,78,IV.7.,IV.10.b.
https://pistacja.tv/film/fiz00036-topnienie-krzepniecie-parowanie-skraplanie,"Topnienie, krzepnięcie, parowanie, skraplanie (pistacja.tv)",fizyka,78,IV.9.,IV.10.a.
https://pistacja.tv/film/fiz00035-cieplo-wlasciwe,"Ciepło właściwe (pistacja.tv)",fizyka,78,IV.6.,IV.10.c.
https://pistacja.tv/film/fiz00033-rownowaga-termiczna,"Równowaga termiczna (pistacja.tv)",fizyka,78,IV.4.,IV.3.
https://pistacja.tv/film/fiz00032-energia-wewnetrzna-i-temperatura-przekazywanie-ciepla,"Energia wewnętrzna i temperatura, przekazywanie ciepła (pistacja.tv)",fizyka,78,IV.1.,IV.2.,IV.5.
https://pistacja.tv/film/fiz00044-uzytkowanie-energii-elektrycznej-zasady-bhp,"Użytkowanie energii elektrycznej. Zasady BHP (pistacja.tv)",fizyka,78,VI.14.,VI.15.,VI.16.d.
https://pistacja.tv/film/fiz00043-praca-i-moc-pradu,"Praca i moc prądu (pistacja.tv)",fizyka,78,VI.10.,VI.11.,VI.12.
https://pistacja.tv/film/fiz00042-opor-elektryczny,"Opór elektryczny (pistacja.tv)",fizyka,78,VI.12.,VI.13.,VI.16.e.
https://pistacja.tv/film/fiz00041-napiecie-i-natezenie-pradu-pomiar-i-jednostki,"Napięcie i natężenie prądu - pomiar i jednostki (pistacja.tv)",fizyka,78,VI.8.,VI.9.,VI.13.
https://pistacja.tv/film/fiz00040-prad-elektryczny,"Prąd elektryczny (pistacja.tv)",fizyka,78,VI.7.,VI.8.
https://pistacja.tv/film/fiz00039-indukcja-elektrostatyczna,"Indukcja elektrostatyczna (pistacja.tv)",fizyka,78,VI.4.,VI.16.b.,VI.16.c.
https://pistacja.tv/film/fiz00038-elektryzowanie-cial-przez-tarcie-i-dotyk,"Elektryzowanie ciał przez tarcie i dotyk (pistacja.tv)",fizyka,78,VI.1.,VI.5.,VI.16.a.
https://pistacja.tv/film/fiz00037-ladunki-jednoimienne-i-roznoimienne,"Ładunki jednoimienne i różnoimienne (pistacja.tv)",fizyka,78,VI.2.,VI.3.,VI.6.
https://pistacja.tv/film/fiz00018-trzecia-zasada-dynamiki,"Trzecia zasada dynamiki (pistacja.tv)",fizyka,78,II.13.,II.18.a.
https://pistacja.tv/film/fiz00017-spadek-swobodny,"Spadek swobodny (pistacja.tv)",fizyka,78,II.16.,II.17.
https://pistacja.tv/film/fiz00016-druga-zasada-dynamiki,"Druga zasada dynamiki (pistacja.tv)",fizyka,78,II.15.,II.18.a.
https://pistacja.tv/film/fiz00015-pierwsza-zasada-dynamiki,"Pierwsza zasada dynamiki (pistacja.tv)",fizyka,78,II.14.,II.18.a.
https://pistacja.tv/film/fiz00014-skladanie-wektorow-sil,"Składanie wektorów sił (pistacja.tv)",fizyka,78,II.12.
https://pistacja.tv/film/fiz00013-sila-jako-wektor,"Siła jako wektor (pistacja.tv)",fizyka,78,II.10.,II.11.,II.18.c.
https://pistacja.tv/film/mat00273-przedstawianie-danych-wykresy-punktowe-i-liniowe,"Przedstawianie danych – wykresy punktowe i liniowe (pistacja.tv)",matematyka,456,XIII.2.
https://pistacja.tv/film/mat00272-przedstawianie-danych-tabele-i-wykresy,"Przedstawianie danych – tabele i wykresy (pistacja.tv)",matematyka,456,XIII.2.
https://pistacja.tv/film/mat00271-czym-jest-statystyka,"Czym jest statystyka? (pistacja.tv)",matematyka,456,XIII.1.
https://pistacja.tv/film/mat00231-rysowanie-okregow-za-pomoca-cyrkla,"Rysowanie okręgów za pomocą cyrkla (pistacja.tv)",matematyka,456,IX.7.
https://pistacja.tv/film/mat00229-okrag-i-kolo-wprowadzenie,"Okrąg i koło - wprowadzenie (pistacja.tv)",matematyka,456,IX.6.
https://pistacja.tv/film/mat00280-jednostki-predkosci,"Jednostki prędkości (pistacja.tv)",matematyka,456,XII.9.
https://pistacja.tv/film/mat00279-obliczanie-czasu-gdy-dana-jest-droga-i-predkosc,"Obliczanie czasu, gdy dana jest droga i prędkość (pistacja.tv)",matematyka,456,XII.9.,XIV.5.
https://pistacja.tv/film/mat00278-obliczanie-predkosci-przy-danej-drodze-i-danym-czasie,"Obliczanie prędkości przy danej drodze i danym czasie (pistacja.tv)",matematyka,456,XII.9.,XIV.5.
https://pistacja.tv/film/mat00277-obliczanie-drogi-przy-danej-predkosci-i-danym-czasie,"Obliczanie drogi przy danej prędkości i danym czasie (pistacja.tv)",matematyka,456,XII.9.,XIV.5.
https://pistacja.tv/film/mat00249-objetosc-prostopadloscianu-i-szescianu,"Objętość prostopadłościanu i sześcianu (pistacja.tv)",matematyka,456,XI.5.
https://pistacja.tv/film/mat00248-objetosc-i-jednostki-objetosci-wprowadzenie,"Objętość i jednostki objętości - wprowadzenie (pistacja.tv)",matematyka,456,XI.5.,XI.6.
https://pistacja.tv/film/mat00247-pole-powierzchni-prostopadloscianu-i-szescianu,"Pole powierzchni prostopadłościanu i sześcianu (pistacja.tv)",matematyka,456,XI.5.
https://pistacja.tv/film/mat00246-siatka-prostopadloscianu-i-szescianu,"Siatka prostopadłościanu i sześcianu (pistacja.tv)",matematyka,456,X.3.,X.4.
https://pistacja.tv/film/mat00244-budowa-prostopadloscianu-i-szescianu,"Budowa prostopadłościanu i sześcianu (pistacja.tv)",matematyka,456,X.2.
https://pistacja.tv/film/mat00243-figury-przestrzenne-wprowadzenie,"Figury przestrzenne - wprowadzenie (pistacja.tv)",matematyka,456,X.1.
https://pistacja.tv/film/mat00036-rownania-w-geometrii,"Równania w geometrii (pistacja.tv)",matematyka,456,VI.2.,XIV.7.
https://pistacja.tv/film/mat00016-rozwiazywanie-prostych-rownan-zadania-z-trescia,"Rozwiązywanie prostych równań - zadania z treścią (pistacja.tv)",matematyka,456,VI.2.,XIV.1.,XIV.2.,XIV.3.,XIV.4.
https://pistacja.tv/film/mat00015-rozwiazywanie-prostych-rownan,"Rozwiązywanie prostych równań (pistacja.tv)",matematyka,456,VI.2.
https://pistacja.tv/film/mat00014-rownania-z-odejmowaniem,"Równania z odejmowaniem (pistacja.tv)",matematyka,456,VI.2.
https://pistacja.tv/film/mat00013-rozwiazywanie-rownan-z-dodawaniem,"Rozwiązywanie równań z dodawaniem (pistacja.tv)",matematyka,456,VI.2.,XIV.7.
https://pistacja.tv/film/mat00012-rownania-z-dodawaniem,"Równania z dodawaniem (pistacja.tv)",matematyka,456,VI.2.
https://pistacja.tv/film/mat00035-pamieciowe-rozwiazywanie-rownan-rownania-jako-zagadka,"Pamięciowe rozwiązywanie równań - równania jako zagadka (pistacja.tv)",matematyka,456,VI.2.,XIV.1.,XIV.2.,XIV.7.
https://pistacja.tv/film/mat00202-proste-rownolegle-przeciete-trzecia-prosta-katy,"Proste równoległe przecięte trzecią prostą - kąty (pistacja.tv)",matematyka,456,VIII.6.
https://pistacja.tv/film/mat00210-katy-wierzcholkowe,"Kąty wierzchołkowe (pistacja.tv)",matematyka,456,VIII.6.
https://pistacja.tv/film/mat00209-katy-przylegle,"Kąty przyległe (pistacja.tv)",matematyka,456,VIII.6.
https://pistacja.tv/film/mat00148-skala-na-planach-i-mapach,"Skala na planach i mapach (pistacja.tv)",matematyka,456,XII.8.,XIV.4.
https://pistacja.tv/film/mat00147-rysowanie-odcinka-w-skali-gdy-znamy-jego-rzeczywista-dlugosc,"Rysowanie odcinka w skali, gdy znamy jego rzeczywistą długość (pistacja.tv)",matematyka,456,XII.8.
https://pistacja.tv/film/mat00146-obliczanie-dlugosci-odcinka-gdy-dana-jest-dlugosc-w-skali,"Obliczanie długości odcinka, gdy dana jest długość w skali (pistacja.tv)",matematyka,456,XII.8.
https://pistacja.tv/film/mat00145-skala-wprowadzenie,"Skala - wprowadzenie (pistacja.tv)",matematyka,456,XII.8.
https://pistacja.tv/film/mat00161-potegowanie-liczb-ujemnych,"Potęgowanie liczb ujemnych (pistacja.tv)",matematyka,456,III.5.
https://pistacja.tv/film/mat00160-mnozenie-i-dzielenie-liczb-calkowitych,"Mnożenie i dzielenie liczb całkowitych (pistacja.tv)",matematyka,456,III.5.
https://pistacja.tv/film/mat00158-dodawanie-liczb-calkowitych,"Dodawanie liczb całkowitych (pistacja.tv)",matematyka,456,III.5.
https://pistacja.tv/film/mat00157-wartosc-bezwzgledna,"Wartość bezwzględna (pistacja.tv)",matematyka,456,III.3.
https://pistacja.tv/film/mat00156-porownywanie-liczb-calkowitych,"Porównywanie liczb całkowitych (pistacja.tv)",matematyka,456,III.4.
https://pistacja.tv/film/mat00155-liczby-calkowite-na-osi-liczbowej,"Liczby całkowite na osi liczbowej (pistacja.tv)",matematyka,456,III.2.,XII.5.
https://pistacja.tv/film/mat00154-liczby-calkowite-wprowadzenie,"Liczby całkowite - wprowadzenie (pistacja.tv)",matematyka,456,III.1.
https://pistacja.tv/film/mat00182-katy-w-trapezach-i-rownoleglobokach,"Kąty w trapezach i równoległobokach (pistacja.tv)",matematyka,456,IX.3.,IX.5.,XI.7.
https://pistacja.tv/film/mat00261-suma-miar-katow-w-czworokacie,"Suma miar kątów w czworokącie (pistacja.tv)",matematyka,456,IX.3.,IX.5.,XI.7.
https://pistacja.tv/film/mat00222-suma-miar-katow-w-trojkacie-zadania,"Suma miar kątów w trójkącie - zadania (pistacja.tv)",matematyka,456,IX.3.,XI.7.
https://pistacja.tv/film/mat00221-twierdzenie-o-sumie-miar-katow-wewnetrznych-trojkata,"Twierdzenie o sumie miar kątów wewnętrznych trójkąta (pistacja.tv)",matematyka,456,IX.3.,XI.7.
https://pistacja.tv/film/mat00242-pola-figur-zlozonych,"Pola figur złożonych (pistacja.tv)",matematyka,456,XI.4.
https://pistacja.tv/film/mat00818-pole-trapezu-zadania,"Pole trapezu - zadania (pistacja.tv)",matematyka,456,XI.2.,XIV.2.
https://pistacja.tv/film/mat00241-wyprowadzenie-wzoru-na-pole-trapezu,"Wyprowadzenie wzoru na pole trapezu (pistacja.tv)",matematyka,456,XI.2.
https://pistacja.tv/film/mat00817-pole-rownolegloboku-i-rombu-zadania,"Pole równoległoboku i rombu - zadania (pistacja.tv)",matematyka,456,XI.2.,XIV.1.,XIV.2.
https://pistacja.tv/film/mat00240-pole-rownolegloboku-i-rombu,"Pole równoległoboku i rombu (pistacja.tv)",matematyka,456,XI.2.
https://pistacja.tv/film/mat00819-pole-trojkata-zadania-tekstowe,"Pole trójkąta - zadania tekstowe (pistacja.tv)",matematyka,456,XI.2.,XII.6.,XIV.1.,XIV.2.
https://pistacja.tv/film/mat00816-pole-trojkata-zadania,"Pole trójkąta - zadania (pistacja.tv)",matematyka,456,XI.2.
https://pistacja.tv/film/mat00239-wyprowadzenie-wzoru-na-pole-trojkata,"Wyprowadzenie wzoru na pole trójkąta (pistacja.tv)",matematyka,456,XI.2.
https://pistacja.tv/film/mat00238-zamiana-jednostek-pola-przyklady,"Zamiana jednostek pola - przykłady (pistacja.tv)",matematyka,456,XI.3.,XII.6.
https://pistacja.tv/film/mat00237-zamiana-jednostek-pola-wprowadzenie,"Zamiana jednostek pola - wprowadzenie (pistacja.tv)",matematyka,456,XI.3.
https://pistacja.tv/film/mat00224-konstruowanie-trojkatow,"Konstruowanie trójkątów (pistacja.tv)",matematyka,456,IX.2.
https://pistacja.tv/film/mat00225-nierownosc-trojkata,"Nierówność trójkąta (pistacja.tv)",matematyka,456,IX.2.
https://pistacja.tv/film/mat00223-wysokosc-trojkata,"Wysokość trójkąta (pistacja.tv)",matematyka,456,IX.2.
https://pistacja.tv/film/mat00220-podzial-trojkatow-ze-wzgledu-na-katy-i-boki,"Podział trójkątów ze względu na kąty i boki (pistacja.tv)",matematyka,456,IX.1.
https://pistacja.tv/film/mat00219-budowa-i-wlasnosci-trojkata,"Budowa i własności trójkąta (pistacja.tv)",matematyka,456,IX.1.
https://pistacja.tv/film/mat00215-rysowanie-rombow-i-rownoleglobokow,"Rysowanie rombów i równoległoboków (pistacja.tv)",matematyka,456,IX.5.
https://pistacja.tv/film/mat00212-podzial-czworokatow,"Podział czworokątów (pistacja.tv)",matematyka,456,IX.4.,IX.5.
https://pistacja.tv/film/mat00228-trapez-wprowadzenie,"Trapez - wprowadzenie (pistacja.tv)",matematyka,456,IX.4.,IX.5.
https://pistacja.tv/film/mat00227-romb-wprowadzenie,"Romb - wprowadzenie (pistacja.tv)",matematyka,456,IX.4.,IX.5.
https://pistacja.tv/film/mat00226-rownoleglobok-wprowadzenie,"Równoległobok - wprowadzenie (pistacja.tv)",matematyka,456,IX.4.,IX.5.
https://pistacja.tv/film/mat00262-dzialania-na-ulamkach-zwyklych-i-dziesietnych,"Działania na ułamkach zwykłych i dziesiętnych (pistacja.tv)",matematyka,456,V.3.,V.7.
https://pistacja.tv/film/mat00260-rozwiniecia-dziesietne-ulamkow-zwyklych,"Rozwinięcia dziesiętne ułamków zwykłych (pistacja.tv)",matematyka,456,IV.10.
https://pistacja.tv/film/mat00259-zamiana-liczb-dziesietnych-na-ulamki-zwykle,"Zamiana liczb dziesiętnych na ułamki zwykłe (pistacja.tv)",matematyka,456,IV.8.
https://pistacja.tv/film/mat00258-zamiana-ulamkow-zwyklych-na-liczby-dziesietne,"Zamiana ułamków zwykłych na liczby dziesiętne (pistacja.tv)",matematyka,456,IV.9.
https://pistacja.tv/film/mat00180-dzielenie-liczb-mieszanych,"Dzielenie liczb mieszanych (pistacja.tv)",matematyka,456,V.1.
https://pistacja.tv/film/mat00178-dzielenie-ulamkow-zwyklych-przez-ulamki-zwykle,"Dzielenie ułamków zwykłych przez ułamki zwykłe (pistacja.tv)",matematyka,456,V.1.
https://pistacja.tv/film/mat00179-dzielenie-liczb-naturalnych-przez-ulamki-zwykle,"Dzielenie liczb naturalnych przez ułamki zwykłe (pistacja.tv)",matematyka,456,V.1.
https://pistacja.tv/film/mat00177-dzielenie-ulamkow-zwyklych-przez-liczby-naturalne,"Dzielenie ułamków zwykłych przez liczby naturalne (pistacja.tv)",matematyka,456,V.1.
https://pistacja.tv/film/mat00181-kwadrat-i-szescian-ulamkow-zwyklych-i-liczb-mieszanych,"Kwadrat i sześcian ułamków zwykłych i liczb mieszanych (pistacja.tv)",matematyka,456,V.6.
https://pistacja.tv/film/mat00176-mnozenie-liczb-mieszanych,"Mnożenie liczb mieszanych (pistacja.tv)",matematyka,456,V.1.
https://pistacja.tv/film/mat00174-mnozenie-ulamkow-zwyklych,"Mnożenie ułamków zwykłych (pistacja.tv)",matematyka,456,V.1.
https://pistacja.tv/film/mat00175-obliczanie-ulamka-danej-liczby,"Obliczanie ułamka danej liczby (pistacja.tv)",matematyka,456,V.5.
https://pistacja.tv/film/mat00173-mnozenie-ulamkow-przez-liczby-naturalne,"Mnożenie ułamków przez liczby naturalne (pistacja.tv)",matematyka,456,V.1.
https://pistacja.tv/film/mat00195-szacowanie-wynikow-dzialan-na-ulamkach-dziesietnych,"Szacowanie wyników działań na ułamkach dziesiętnych (pistacja.tv)",matematyka,456,V.8.,XIV.6.
https://pistacja.tv/film/mat00194-zaokraglanie-liczb-dziesietnych,"Zaokrąglanie liczb dziesiętnych (pistacja.tv)",matematyka,456,IV.11.
https://pistacja.tv/film/mat00193-dzielenie-pisemne-liczb-naturalnych-z-wynikiem-dziesietnym,"Dzielenie pisemne liczb naturalnych z wynikiem dziesiętnym (pistacja.tv)",matematyka,456,IV.10.
https://pistacja.tv/film/mat00192-dzielenie-pisemne-liczb-dziesietnych,"Dzielenie pisemne liczb dziesiętnych (pistacja.tv)",matematyka,456,V.2.
https://pistacja.tv/film/mat00190-dzielenie-pisemne-liczb-dziesietnych-przez-liczby-naturalne,"Dzielenie pisemne liczb dziesiętnych przez liczby naturalne (pistacja.tv)",matematyka,456,V.2.
https://pistacja.tv/film/mat00196-kwadrat-i-szescian-liczb-dziesietnych,"Kwadrat i sześcian liczb dziesiętnych (pistacja.tv)",matematyka,456,V.6.
https://pistacja.tv/film/mat00188-mnozenie-pisemne-liczb-dziesietnych,"Mnożenie pisemne liczb dziesiętnych (pistacja.tv)",matematyka,456,V.2.
https://pistacja.tv/film/mat00191-dzielenie-ulamkow-dziesietnych-przez-10-100-1000,"Dzielenie ułamków dziesiętnych przez 10,100,1000 (pistacja.tv)",matematyka,456,V.2.
https://pistacja.tv/film/mat00186-mnozenie-ulamkow-dziesietnych-przez-10-100-1000,"Mnożenie ułamków dziesiętnych przez 10,100,1000 (pistacja.tv)",matematyka,456,V.2.
https://pistacja.tv/film/mat00187-dzielenie-liczb-dziesietnych-przez-liczby-naturalne,"Dzielenie liczb dziesiętnych przez liczby naturalne (pistacja.tv)",matematyka,456,V.2.
https://pistacja.tv/film/mat00185-pamieciowe-mnozenie-ulamkow-dziesietnych,"Pamięciowe mnożenie ułamków dziesiętnych (pistacja.tv)",matematyka,456,V.2.
https://pistacja.tv/film/mat00168-obliczanie-ile-procent-jednej-liczby-stanowi-druga-liczba,"Obliczanie, ile procent jednej liczby stanowi druga liczba (pistacja.tv)",matematyka,456,XII.2.,MAT-SP78-V.3.
https://pistacja.tv/film/mat00167-obliczanie-liczby-gdy-dany-jest-jej-procent,"Obliczanie liczby, gdy dany jest jej procent (pistacja.tv)",matematyka,456,XII.2.,MAT-SP78-V.4.
https://pistacja.tv/film/mat00165-obliczanie-procentu-danej-liczby,"Obliczanie procentu danej liczby (pistacja.tv)",matematyka,456,XII.2.,MAT-SP78-V.2.
https://pistacja.tv/film/mat00163-zamiana-procentow-na-ulamki-i-odwrotnie,"Zamiana procentów na ułamki i odwrotnie (pistacja.tv)",matematyka,456,XII.1.
https://pistacja.tv/film/mat00162-procenty-wprowadzenie,"Procenty - wprowadzenie (pistacja.tv)",matematyka,456,XII.1.
https://pistacja.tv/film/mat00183-porownywanie-roznicowe-ulamkow-zwyklych,"Porównywanie różnicowe ułamków zwykłych (pistacja.tv)",matematyka,456,V.4.
https://pistacja.tv/film/mat00172-odejmowanie-liczb-mieszanych-o-roznych-mianownikach-w-czesci-ulamkowej,"Odejmowanie liczb mieszanych o różnych mianownikach w części ułamkowej (pistacja.tv)",matematyka,456,V.1.
https://pistacja.tv/film/mat00171-dodawanie-liczb-mieszanych-o-roznych-mianownikach-w-czesci-ulamkowej,"Dodawanie liczb mieszanych o różnych mianownikach w części ułamkowej (pistacja.tv)",matematyka,456,V.1.
https://pistacja.tv/film/mat00170-odejmowanie-ulamkow-o-roznych-mianownikach,"Odejmowanie ułamków o różnych mianownikach (pistacja.tv)",matematyka,456,IV.4.,V.1.
https://pistacja.tv/film/mat00169-dodawanie-ulamkow-zwyklych-o-roznych-mianownikach,"Dodawanie ułamków zwykłych o różnych mianownikach (pistacja.tv)",matematyka,456,IV.4.,V.1.
https://pistacja.tv/film/mat00095-najmniejsza-wspolna-wielokrotnosc-dwoch-liczb,"Najmniejsza wspólna wielokrotność dwóch liczb (pistacja.tv)",matematyka,456,II.13.
https://pistacja.tv/film/mat00087-najwiekszy-wspolny-dzielnik,"Największy wspólny dzielnik (pistacja.tv)",matematyka,456,II.13.
https://pistacja.tv/film/mat00153-rozklad-liczby-na-czynniki-pierwsze-przyklady,"Rozkład liczby na czynniki pierwsze - przykłady (pistacja.tv)",matematyka,456,II.9.,II.16.
https://pistacja.tv/film/mat00152-rozklad-liczby-na-czynniki-pierwsze-wprowadzenie,"Rozkład liczby na czynniki pierwsze - wprowadzenie (pistacja.tv)",matematyka,456,II.9.
https://pistacja.tv/film/mat00151-liczby-pierwsze-i-liczby-zlozone,"Liczby pierwsze i liczby złożone (pistacja.tv)",matematyka,456,II.8.,II.14.
https://pistacja.tv/film/mat00184-porzadkowanie-ulamkow-dziesietnych-trudniejsze-zadania,"Porządkowanie ułamków dziesiętnych - trudniejsze zadania (pistacja.tv)",matematyka,456,V.4.
https://pistacja.tv/film/mat00138-porownywanie-i-porzadkowanie-liczb-dziesietnych-latwiejsze-zadania,"Porównywanie i porządkowanie liczb dziesiętnych - łatwiejsze zadania (pistacja.tv)",matematyka,456,V.4.
https://pistacja.tv/film/mat00137-porownywanie-i-porzadkowanie-liczb-dziesietnych-wprowadzenie,"Porównywanie i porządkowanie liczb dziesiętnych - wprowadzenie (pistacja.tv)",matematyka,456,IV.12.
https://pistacja.tv/film/mat00140-szacowanie-wynikow-dodawania-i-odejmowania-liczb-dziesietnych,"Szacowanie wyników dodawania i odejmowania liczb dziesiętnych (pistacja.tv)",matematyka,456,V.8.
https://pistacja.tv/film/mat00189-porownywanie-roznicowe-ulamkow-dziesietnych,"Porównywanie różnicowe ułamków dziesiętnych (pistacja.tv)",matematyka,456,IV.12.
https://pistacja.tv/film/mat00142-dodawanie-i-odejmowanie-pisemne-ulamkow-dziesietnych,"Dodawanie i odejmowanie pisemne ułamków dziesiętnych (pistacja.tv)",matematyka,456,V.2.
https://pistacja.tv/film/mat00144-dodawanie-i-odejmowanie-pamieciowe-liczb-dziesietnych-zadania,"Dodawanie i odejmowanie pamięciowe liczb dziesiętnych - zadania (pistacja.tv)",matematyka,456,V.8.
https://pistacja.tv/film/mat00143-odejmowanie-pamieciowe-liczb-dziesietnych,"Odejmowanie pamięciowe liczb dziesiętnych (pistacja.tv)",matematyka,456,V.2.
https://pistacja.tv/film/mat00141-dodawanie-pamieciowe-liczb-dziesietnych,"Dodawanie pamięciowe liczb dziesiętnych (pistacja.tv)",matematyka,456,V.2.
https://pistacja.tv/film/mat00086-poszukiwanie-dzielnikow-danej-liczby,"Poszukiwanie dzielników danej liczby (pistacja.tv)",matematyka,456,II.8.
https://pistacja.tv/film/mat00096-zaleznosci-pomiedzy-cechami-podzielnosci-liczb,"Zależności pomiędzy cechami podzielności liczb (pistacja.tv)",matematyka,456,II.8.,XIV.3.
https://pistacja.tv/film/mat00094-cechy-podzielnosci-liczb-cwiczenia,"Cechy podzielności liczb - ćwiczenia (pistacja.tv)",matematyka,456,II.7.
https://pistacja.tv/film/mat00091-cecha-podzielnosci-liczb-przez-4,"Cecha podzielności liczb przez 4 (pistacja.tv)",matematyka,456,II.7.
https://pistacja.tv/film/mat00092-cecha-podzielnosci-liczb-przez-9,"Cecha podzielności liczb przez 9 (pistacja.tv)",matematyka,456,II.7.
https://pistacja.tv/film/mat00089-cecha-podzielnosci-liczb-przez-3,"Cecha podzielności liczb przez 3 (pistacja.tv)",matematyka,456,II.7.
https://pistacja.tv/film/mat00093-cecha-podzielnosci-liczb-przez-10,"Cecha podzielności liczb przez 10 (pistacja.tv)",matematyka,456,II.7.
https://pistacja.tv/film/mat00090-cecha-podzielnosci-liczb-przez-5,"Cecha podzielności liczb przez 5 (pistacja.tv)",matematyka,456,II.7.
https://pistacja.tv/film/mat00088-cecha-podzielnosci-liczb-przez-2,"Cecha podzielności liczb przez 2 (pistacja.tv)",matematyka,456,II.7.
https://pistacja.tv/film/mat00085-dzielniki-liczb-wprowadzenie,"Dzielniki liczb - wprowadzenie (pistacja.tv)",matematyka,456,II.8.
https://pistacja.tv/film/mat00097-wielokrotnosci-liczb,"Wielokrotności liczb (pistacja.tv)",matematyka,456,II.14.
https://pistacja.tv/film/mat00131-odczytywanie-liczb-dziesietnych-zaznaczonych-na-osi-liczbowej,"Odczytywanie liczb dziesiętnych zaznaczonych na osi liczbowej (pistacja.tv)",matematyka,456,IV.7.
https://pistacja.tv/film/mat00130-zaznaczanie-liczb-dziesietnych-na-osi-liczbowej,"Zaznaczanie liczb dziesiętnych na osi liczbowej (pistacja.tv)",matematyka,456,IV.7.
https://pistacja.tv/film/mat00128-zamiana-ulamkow-zwyklych-na-liczby-dziesietne,"Zamiana ułamków zwykłych na liczby dziesiętne (pistacja.tv)",matematyka,456,IV.9.
https://pistacja.tv/film/mat00129-zapisywanie-liczb-dziesietnych-za-pomoca-ulamkow-zwyklych,"Zapisywanie liczb dziesiętnych za pomocą ułamków zwykłych (pistacja.tv)",matematyka,456,IV.9.
https://pistacja.tv/film/mat00126-ulamki-o-mianownikach-10-100-1000,"Ułamki o mianownikach 10, 100, 1000 (pistacja.tv)",matematyka,456,IV.9.
https://pistacja.tv/film/mat00125-liczby-dziesietne-wprowadzenie,"Liczby dziesiętne - wprowadzenie (pistacja.tv)",matematyka,456,IV.6.
https://pistacja.tv/film/mat00132-zapisywanie-wyrazen-dwumianowanych,"Zapisywanie wyrażeń dwumianowanych (pistacja.tv)",matematyka,456,IV.6.
https://pistacja.tv/film/mat00056-szacowanie-rachunkow-pamieciowych-na-duzych-liczbach,"Szacowanie rachunków pamięciowych na dużych liczbach (pistacja.tv)",matematyka,456,II.12.,XIV.6.
https://pistacja.tv/film/mat00055-dzielenie-pamieciowe-duzych-liczb,"Dzielenie pamięciowe dużych liczb (pistacja.tv)",matematyka,456,II.3.
https://pistacja.tv/film/mat00054-mnozenie-pamieciowe-duzych-liczb,"Mnożenie pamięciowe dużych liczb (pistacja.tv)",matematyka,456,II.3.
https://pistacja.tv/film/mat00053-odejmowanie-pamieciowe-duzych-liczb,"Odejmowanie pamięciowe dużych liczb (pistacja.tv)",matematyka,456,II.1.
https://pistacja.tv/film/mat00052-dodawanie-pamieciowe-duzych-liczb,"Dodawanie pamięciowe dużych liczb (pistacja.tv)",matematyka,456,II.1.
https://pistacja.tv/film/mat00084-dzielenie-pisemne-liczb-zakonczonych-zerami,"Dzielenie pisemne liczb zakończonych zerami (pistacja.tv)",matematyka,456,II.3.
https://pistacja.tv/film/mat00083-dzielenie-pisemne-przez-liczby-wielocyfrowe-przyklady,"Dzielenie pisemne przez liczby wielocyfrowe - przykłady (pistacja.tv)",matematyka,456,II.3.
https://pistacja.tv/film/mat00082-dzielenie-pisemne-przez-liczby-wielocyfrowe-wprowadzenie,"Dzielenie pisemne przez liczby wielocyfrowe - wprowadzenie (pistacja.tv)",matematyka,456,II.3.
https://pistacja.tv/film/mat00076-mnozenie-pisemne-przez-liczby-wielocyfrowe-zadania,"Mnożenie pisemne przez liczby wielocyfrowe - zadania (pistacja.tv)",matematyka,456,II.3.
https://pistacja.tv/film/mat00075-mnozenie-pisemne-przez-liczby-wielocyfrowe-wprowadzenie,"Mnożenie pisemne przez liczby wielocyfrowe - wprowadzenie (pistacja.tv)",matematyka,456,II.3.
https://pistacja.tv/film/mat00078-mnozenie-pisemne-przez-liczby-zakonczone-zerami-zadania,"Mnożenie pisemne przez liczby zakończone zerami - zadania (pistacja.tv)",matematyka,456,II.3.
https://pistacja.tv/film/mat00077-mnozenie-pisemne-przez-liczby-zakonczone-zerami-wprowadzenie,"Mnożenie pisemne przez liczby zakończone zerami - wprowadzenie (pistacja.tv)",matematyka,456,II.3.
https://pistacja.tv/film/mat00034-szacowanie-wynikow-dzialan,"Szacowanie wyników działań (pistacja.tv)",matematyka,456,II.12.,XIV.6.
https://pistacja.tv/film/mat00033-wykonywanie-dzialan-na-kalkulatorze-wprowadzenie,"Wykonywanie działań na kalkulatorze - wprowadzenie (pistacja.tv)",matematyka,456,II.2.,II.3.,XIV.6.
https://pistacja.tv/film/mat00234-jednostki-pola-wprowadzenie,"Jednostki pola - wprowadzenie (pistacja.tv)",matematyka,456,XI.3.
https://pistacja.tv/film/mat00233-graficzne-porownywanie-pol-figur,"Graficzne porównywanie pól figur (pistacja.tv)",matematyka,456,XI.2.
https://pistacja.tv/film/mat00232-pola-figur-wprowadzenie,"Pola figur - wprowadzenie (pistacja.tv)",matematyka,456,XI.2.
https://pistacja.tv/film/mat00218-obliczanie-boku-na-podstawie-obwodu,"Obliczanie boku na podstawie obwodu (pistacja.tv)",matematyka,456,XI.1.,XIV.3.
https://pistacja.tv/film/mat00217-obliczanie-obwodu-prostokata-i-kwadratu-przyklady,"Obliczanie obwodu prostokąta i kwadratu - przykłady (pistacja.tv)",matematyka,456,XI.1.,XIV.1.,XIV.2.
https://pistacja.tv/film/mat00216-obwod-prostokata-i-obwod-kwadratu-wprowadzenie,"Obwód prostokąta i obwód kwadratu - wprowadzenie (pistacja.tv)",matematyka,456,XI.1.
https://pistacja.tv/film/mat00214-rysowanie-prostokatow-i-kwadratow-o-podanych-dlugosciach-bokow-za-pomoca-ekierki,"Rysowanie prostokątów i kwadratów o podanych długościach boków za pomocą ekierki (pistacja.tv)",matematyka,456,IX.5.
https://pistacja.tv/film/mat00213-prostokat-i-kwadrat-wprowadzenie,"Prostokąt i kwadrat - wprowadzenie (pistacja.tv)",matematyka,456,IX.5.
https://pistacja.tv/film/mat00815-zasady-odczytywania-i-zapisywania-liczb-w-systemie-rzymskim-do-trzydziestu,"Zasady odczytywania i zapisywania liczb w systemie rzymskim do trzydziestu (pistacja.tv)",matematyka,456,I.5.
https://pistacja.tv/film/mat00065-zasady-odczytywania-i-zapisywania-liczb-w-systemie-rzymskim-do-dwunastu,"Zasady odczytywania i zapisywania liczb w systemie rzymskim do dwunastu (pistacja.tv)",matematyka,456,I.5.
https://pistacja.tv/film/mat00064-system-rzymski-wprowadzenie,"System rzymski - wprowadzenie (pistacja.tv)",matematyka,456,I.5.
https://pistacja.tv/film/mat00062-zamiana-jednostek-masy-wprowadzenie,"Zamiana jednostek masy - wprowadzenie (pistacja.tv)",matematyka,456,XII.7.
https://pistacja.tv/film/mat00061-zaleznosci-miedzy-jednostkami-masy,"Zależności między jednostkami masy (pistacja.tv)",matematyka,456,XII.7.
https://pistacja.tv/film/mat00060-jednostki-masy-wprowadzenie,"Jednostki masy - wprowadzenie (pistacja.tv)",matematyka,456,XII.7.
https://pistacja.tv/film/mat00059-zamiana-jednostek-dlugosci-przyklady,"Zamiana jednostek długości - przykłady (pistacja.tv)",matematyka,456,XII.6.
https://pistacja.tv/film/mat00058-zaleznosci-miedzy-jednostkami-dlugosci,"Zależności między jednostkami długości (pistacja.tv)",matematyka,456,XII.6.
https://pistacja.tv/film/mat00057-jednostki-dlugosci-wprowadzenie,"Jednostki długości - wprowadzenie (pistacja.tv)",matematyka,456,VII.4.
https://pistacja.tv/film/mat00208-porownywanie-katow,"Porównywanie kątów (pistacja.tv)",matematyka,456,VIII.5.
https://pistacja.tv/film/mat00207-mierzenie-katow,"Mierzenie kątów (pistacja.tv)",matematyka,456,VIII.2.
https://pistacja.tv/film/mat00206-miara-katowa,"Miara kątowa (pistacja.tv)",matematyka,456,VIII.2.,VIII.3.
https://pistacja.tv/film/mat00205-budowa-kata-rodzaje-katow,"Budowa kąta. Rodzaje kątów (pistacja.tv)",matematyka,456,VIII.1.,VIII.4.
https://pistacja.tv/film/mat00204-mierzenie-dlugosci-lamanych,"Mierzenie długości łamanych (pistacja.tv)",matematyka,456,VII.4.
https://pistacja.tv/film/mat00201-odleglosc-punktu-od-prostej,"Odległość punktu od prostej (pistacja.tv)",matematyka,456,VII.5.
https://pistacja.tv/film/mat00200-rysowanie-prostych-rownoleglych-za-pomoca-linijki-i-ekierki,"Rysowanie prostych równoległych za pomocą linijki i ekierki (pistacja.tv)",matematyka,456,VII.3.
https://pistacja.tv/film/mat00199-rysowanie-prostych-prostopadlych-za-pomoca-linijki-i-ekierki,"Rysowanie prostych prostopadłych za pomocą linijki i ekierki (pistacja.tv)",matematyka,456,VII.3.
https://pistacja.tv/film/mat00198-proste-rownolegle-i-prostopadle,"Proste równoległe i prostopadłe (pistacja.tv)",matematyka,456,VII.2.
https://pistacja.tv/film/mat00197-punkt-odcinek-prosta-polprosta,"Punkt, odcinek, prosta, półprosta (pistacja.tv)",matematyka,456,VII.1.
https://pistacja.tv/film/mat00236-pole-kwadratu-i-prostokata-obliczenia-praktyczne,"Pole kwadratu i prostokąta - obliczenia praktyczne (pistacja.tv)",matematyka,456,XI.2.,XIV.1.,XIV.2.,XIV.5.
https://pistacja.tv/film/mat00235-pole-kwadratu-i-prostokata-wprowadzenie,"Pole kwadratu i prostokąta - wprowadzenie (pistacja.tv)",matematyka,456,XI.2.
https://pistacja.tv/film/mat00116-porzadkowanie-ulamkow-wlasciwych-niewlasciwych-i-liczb-mieszanych,"Porządkowanie ułamków właściwych, niewłaściwych i liczb mieszanych (pistacja.tv)",matematyka,456,IV.12.
https://pistacja.tv/film/mat00115-porzadkowanie-ulamkow-wlasciwych-o-takich-samych-mianownikach,"Porządkowanie ułamków właściwych o takich samych mianownikach (pistacja.tv)",matematyka,456,IV.12.
https://pistacja.tv/film/mat00114-porzadkowanie-ulamkow-wlasciwych-o-takich-samych-licznikach,"Porządkowanie ułamków właściwych o takich samych licznikach (pistacja.tv)",matematyka,456,IV.12.
https://pistacja.tv/film/mat00113-porownywanie-liczb-mieszanych,"Porównywanie liczb mieszanych (pistacja.tv)",matematyka,456,IV.12.
https://pistacja.tv/film/mat00112-porownywanie-ulamkow-zwyklych-o-roznych-licznikach-i-mianownikach,"Porównywanie ułamków zwykłych o różnych licznikach i mianownikach (pistacja.tv)",matematyka,456,IV.4.,IV.12.
https://pistacja.tv/film/mat00111-porownywanie-ulamkow-zwyklych-o-tych-samych-licznikach,"Porównywanie ułamków zwykłych o tych samych licznikach (pistacja.tv)",matematyka,456,IV.12.
https://pistacja.tv/film/mat00110-porownywanie-ulamkow-zwyklych-o-tych-samych-mianownikach,"Porównywanie ułamków zwykłych o tych samych mianownikach (pistacja.tv)",matematyka,456,IV.12.
https://pistacja.tv/film/mat00081-dzielenie-pisemne-przez-liczby-jednocyfrowe-przyklady,"Dzielenie pisemne przez liczby jednocyfrowe - przykłady (pistacja.tv)",matematyka,456,II.3.
https://pistacja.tv/film/mat00080-dzielenie-pisemne-przez-liczby-jednocyfrowe-wprowadzenie,"Dzielenie pisemne przez liczby jednocyfrowe - wprowadzenie (pistacja.tv)",matematyka,456,II.3.
https://pistacja.tv/film/mat00079-ile-razy-dana-liczba-miesci-sie-w-innej-liczbie,"Ile razy dana liczba mieści się w innej liczbie (pistacja.tv)",matematyka,456,II.3.
https://pistacja.tv/film/mat00074-mnozenie-pisemne-przez-liczby-jednocyfrowe-przyklady,"Mnożenie pisemne przez liczby jednocyfrowe - przykłady (pistacja.tv)",matematyka,456,II.3.
https://pistacja.tv/film/mat00073-mnozenie-pisemne-przez-liczby-jednocyfrowe-wprowadzenie,"Mnożenie pisemne przez liczby jednocyfrowe - wprowadzenie (pistacja.tv)",matematyka,456,II.3.
https://pistacja.tv/film/mat00136-obliczenia-kalendarzowe,"Obliczenia kalendarzowe (pistacja.tv)",matematyka,456,XII.4.
https://pistacja.tv/film/mat00135-czas-i-kalendarz,"Czas i kalendarz (pistacja.tv)",matematyka,456,XII.4.
https://pistacja.tv/film/mat00134-obliczenia-zegarowe,"Obliczenia zegarowe (pistacja.tv)",matematyka,456,XII.3.
https://pistacja.tv/film/mat00133-jednostki-czasu,"Jednostki czasu (pistacja.tv)",matematyka,456,XII.3.,XII.4.
https://pistacja.tv/film/mat00124-odejmowanie-ulamkow-zwyklych-o-jednakowych-mianownikach-zadania-tekstowe,"Odejmowanie ułamków zwykłych o jednakowych mianownikach - zadania tekstowe (pistacja.tv)",matematyka,456,V.1.,XIV.1.
https://pistacja.tv/film/mat00123-odejmowanie-liczb-mieszanych-o-jednakowych-mianownikach-w-czesci-ulamkowej,"Odejmowanie liczb mieszanych o jednakowych mianownikach w części ułamkowej (pistacja.tv)",matematyka,456,V.1.
https://pistacja.tv/film/mat00122-odejmowanie-ulamkow-o-tych-samych-mianownikach-przyklady,"Odejmowanie ułamków o tych samych mianownikach - przykłady (pistacja.tv)",matematyka,456,V.1.
https://pistacja.tv/film/mat00121-odejmowanie-ulamkow-o-tych-samych-mianownikach-wprowadzenie,"Odejmowanie ułamków o tych samych mianownikach - wprowadzenie (pistacja.tv)",matematyka,456,V.1.
https://pistacja.tv/film/mat00120-dodawanie-ulamkow-zwyklych-o-jednakowych-mianownikach-zadania-tekstowe,"Dodawanie ułamków zwykłych o jednakowych mianownikach - zadania tekstowe (pistacja.tv)",matematyka,456,V.1.,XIV.1.
https://pistacja.tv/film/mat00119-dodawanie-liczb-mieszanych-o-jednakowych-mianownikach-w-czesci-ulamkowej,"Dodawanie liczb mieszanych o jednakowych mianownikach w części ułamkowej (pistacja.tv)",matematyka,456,V.1.
https://pistacja.tv/film/mat00118-dodawanie-ulamkow-zwyklych-o-tych-samych-mianownikach-przyklady,"Dodawanie ułamków zwykłych o tych samych mianownikach - przykłady (pistacja.tv)",matematyka,456,V.1.
https://pistacja.tv/film/mat00117-dodawanie-ulamkow-zwyklych-o-tych-samych-mianownikach-wprowadzenie,"Dodawanie ułamków zwykłych o tych samych mianownikach - wprowadzenie (pistacja.tv)",matematyka,456,V.1.
https://pistacja.tv/film/mat00109-skracanie-ulamkow-zwyklych-przyklady,"Skracanie ułamków zwykłych - przykłady (pistacja.tv)",matematyka,456,IV.3.
https://pistacja.tv/film/mat00108-rozszerzanie-ulamkow-zwyklych-przyklady,"Rozszerzanie ułamków zwykłych - przykłady (pistacja.tv)",matematyka,456,IV.3.
https://pistacja.tv/film/mat00107-skracanie-ulamkow-zwyklych,"Skracanie ułamków zwykłych (pistacja.tv)",matematyka,456,IV.3.
https://pistacja.tv/film/mat00106-rozszerzanie-ulamkow-zwyklych,"Rozszerzanie ułamków zwykłych (pistacja.tv)",matematyka,456,IV.3.
https://pistacja.tv/film/mat00105-ulamki-rownowazne,"Ułamki równoważne (pistacja.tv)",matematyka,456,IV.3.
https://pistacja.tv/film/mat00369-wyrazenia-algebraiczne-nazywanie-i-odczytywanie,"Wyrażenia algebraiczne - nazywanie i odczytywanie (pistacja.tv)",matematyka,456,VI.1.
https://pistacja.tv/film/mat00351-wyrazenia-algebraiczne-suma-roznica-iloczyn-iloraz,"Wyrażenia algebraiczne - suma, różnica, iloczyn, iloraz (pistacja.tv)",matematyka,456,VI.2.
https://pistacja.tv/film/mat00350-wyrazenia-algebraiczne-wprowadzenie,"Wyrażenia algebraiczne - wprowadzenie (pistacja.tv)",matematyka,456,VI.1.,XIV.5.
https://pistacja.tv/film/mat00051-porzadkowanie-liczb,"Porządkowanie liczb (pistacja.tv)",matematyka,456,I.3.
https://pistacja.tv/film/mat00050-porownywanie-duzych-liczb,"Porównywanie dużych liczb (pistacja.tv)",matematyka,456,I.3.
https://pistacja.tv/film/mat00049-odczytywanie-duzych-liczb,"Odczytywanie dużych liczb (pistacja.tv)",matematyka,456,I.1.
https://pistacja.tv/film/mat00048-dziesiatkowy-uklad-pozycyjny,"Dziesiątkowy układ pozycyjny (pistacja.tv)",matematyka,456,I.1.
https://pistacja.tv/film/mat00103-liczby-mieszane-na-osi-liczbowej,"Liczby mieszane na osi liczbowej (pistacja.tv)",matematyka,456,IV.7.
https://pistacja.tv/film/mat00104-ulamki-wlasciwe-na-osi-liczbowej,"Ułamki właściwe na osi liczbowej (pistacja.tv)",matematyka,456,IV.7.
https://pistacja.tv/film/mat00102-zamiana-liczby-mieszanej-na-ulamek-niewlasciwy,"Zamiana liczby mieszanej na ułamek niewłaściwy (pistacja.tv)",matematyka,456,IV.5.
https://pistacja.tv/film/mat00101-zamiana-ulamka-niewlasciwego-na-liczbe-mieszana,"Zamiana ułamka niewłaściwego na liczbę mieszaną (pistacja.tv)",matematyka,456,IV.5.
https://pistacja.tv/film/mat00100-ulamki-wlasciwe-niewlasciwe-i-liczby-mieszane,"Ułamki właściwe, niewłaściwe i liczby mieszane (pistacja.tv)",matematyka,456,IV.5.
https://pistacja.tv/film/mat00099-ulamek-zwykly-jako-wynik-dzielenia,"Ułamek zwykły jako wynik dzielenia (pistacja.tv)",matematyka,456,IV.2.
https://pistacja.tv/film/mat00098-ulamek-zwykly-jako-czesc-calosci,"Ułamek zwykły jako część całości (pistacja.tv)",matematyka,456,IV.1.
https://pistacja.tv/film/mat00072-odejmowanie-pisemne-liczb-z-zerami-w-srodku-przyklady,"Odejmowanie pisemne liczb z zerami w środku - przykłady (pistacja.tv)",matematyka,456,II.2.
https://pistacja.tv/film/mat00071-odejmowanie-pisemne-liczb-z-zerami-w-srodku-wprowadzenie,"Odejmowanie pisemne liczb z zerami w środku - wprowadzenie (pistacja.tv)",matematyka,456,II.2.
https://pistacja.tv/film/mat00070-odejmowanie-pisemne-z-pozyczaniem-i-bez-pozyczania,"Odejmowanie pisemne „z pożyczaniem” i „bez pożyczania” (pistacja.tv)",matematyka,456,II.2.
https://pistacja.tv/film/mat00069-odejmowanie-pisemne-z-pozyczaniem,"Odejmowanie pisemne „z pożyczaniem” (pistacja.tv)",matematyka,456,II.2.
https://pistacja.tv/film/mat00068-odejmowanie-pisemne-bez-pozyczania-bez-rozpakowywania,"Odejmowanie pisemne „bez pożyczania” (bez rozpakowywania) (pistacja.tv)",matematyka,456,II.2.
https://pistacja.tv/film/mat00067-dodawanie-pisemne-przyklady,"Dodawanie pisemne - przykłady (pistacja.tv)",matematyka,456,II.2.
https://pistacja.tv/film/mat00066-dodawanie-pisemne-wprowadzenie,"Dodawanie pisemne - wprowadzenie (pistacja.tv)",matematyka,456,II.2.
https://pistacja.tv/film/mat00047-kolejnosc-wykonywania-dzialan-z-potegami,"Kolejność wykonywania działań z potęgami (pistacja.tv)",matematyka,456,II.11.
https://pistacja.tv/film/mat00046-kolejnosc-wykonywania-dzialan-zadania-tekstowe,"Kolejność wykonywania działań - zadania tekstowe (pistacja.tv)",matematyka,456,II.11.,XIV.1.
https://pistacja.tv/film/mat00045-kolejnosc-wykonywania-dzialan-przyklady-czesc-2,"Kolejność wykonywania działań - przykłady część 2 (pistacja.tv)",matematyka,456,II.11.
https://pistacja.tv/film/mat00044-kolejnosc-wykonywania-dzialan-przyklady-czesc-1,"Kolejność wykonywania działań - przykłady część 1 (pistacja.tv)",matematyka,456,II.11.
https://pistacja.tv/film/mat00043-kolejnosc-wykonywania-dzialan-wprowadzenie,"Kolejność wykonywania działań - wprowadzenie (pistacja.tv)",matematyka,456,II.11.
https://pistacja.tv/film/mat00026-dzielenie-bez-reszty,"Dzielenie bez reszty (pistacja.tv)",matematyka,456,II.3.
https://pistacja.tv/film/mat00017-mnozenie-i-dzielenie-jako-dzialania-odwrotne,"Mnożenie i dzielenie jako działania odwrotne (pistacja.tv)",matematyka,456,II.3.
https://pistacja.tv/film/mat00032-porownywanie-ilorazowe,"Porównywanie ilorazowe (pistacja.tv)",matematyka,456,II.6.
https://pistacja.tv/film/mat00031-metody-dzielenia-w-pamieci-przyklady,"Metody dzielenia w pamięci - przykłady (pistacja.tv)",matematyka,456,II.3.
https://pistacja.tv/film/mat00030-graficzne-przedstawienie-metod-dzielenia-w-pamieci,"Graficzne przedstawienie metod dzielenia w pamięci (pistacja.tv)",matematyka,456,II.3.
https://pistacja.tv/film/mat00029-rozdzielnosc-dzielenia-wzgledem-dodawania,"Rozdzielność dzielenia względem dodawania (pistacja.tv)",matematyka,456,II.5.
https://pistacja.tv/film/mat00028-dzielenie-definicja-i-przyklady,"Dzielenie - definicja i przykłady (pistacja.tv)",matematyka,456,II.3.
https://pistacja.tv/film/mat00027-dzielenie-z-reszta,"Dzielenie z resztą (pistacja.tv)",matematyka,456,II.4.
https://pistacja.tv/film/mat00042-potegowanie-definicja-i-przyklady,"Potęgowanie - definicja i przykłady (pistacja.tv)",matematyka,456,II.10.
https://pistacja.tv/film/mat00041-potegowanie-wprowadzenie,"Potęgowanie - wprowadzenie (pistacja.tv)",matematyka,456,II.10.
https://pistacja.tv/film/mat00040-szescian-liczby,"Sześcian liczby (pistacja.tv)",matematyka,456,II.10.
https://pistacja.tv/film/mat00039-kwadrat-liczby,"Kwadrat liczby (pistacja.tv)",matematyka,456,II.10.
https://pistacja.tv/film/mat00025-rozdzielnosc-mnozenia-wzgledem-dodawania,"Rozdzielność mnożenia względem dodawania (pistacja.tv)",matematyka,456,II.5.
https://pistacja.tv/film/mat00024-mnozenie-liczb-naturalnych-przez-10-100-1000,"Mnożenie liczb naturalnych przez 10, 100, 1000 (pistacja.tv)",matematyka,456,II.3.
https://pistacja.tv/film/mat00023-metody-mnozenia-pamieciowego,"Metody mnożenia pamięciowego (pistacja.tv)",matematyka,456,II.3.
https://pistacja.tv/film/mat00022-tabliczka-mnozenia,"Tabliczka mnożenia (pistacja.tv)",matematyka,456,II.3.
https://pistacja.tv/film/mat00021-lacznosc-mnozenia,"Łączność mnożenia (pistacja.tv)",matematyka,456,II.5.
https://pistacja.tv/film/mat00020-przemiennosc-mnozenia,"Przemienność mnożenia (pistacja.tv)",matematyka,456,II.5.
https://pistacja.tv/film/mat00019-mnozenie-liczb-naturalnych-definicja-i-przyklady,"Mnożenie liczb naturalnych - definicja i przykłady (pistacja.tv)",matematyka,456,II.3.
https://pistacja.tv/film/mat00018-mnozenie-liczb-naturalnych-wprowadzenie,"Mnożenie liczb naturalnych - wprowadzenie (pistacja.tv)",matematyka,456,II.3.
https://pistacja.tv/film/mat00011-porownywanie-roznicowe-wprowadzenie,"Porównywanie różnicowe - wprowadzenie (pistacja.tv)",matematyka,456,II.6.
https://pistacja.tv/film/mat00010-dodawanie-i-odejmowanie-jako-dzialania-odwrotne,"Dodawanie i odejmowanie jako działania odwrotne (pistacja.tv)",matematyka,456,II.1.
https://pistacja.tv/film/mat00009-metody-odejmowania-pamieciowego,"Metody odejmowania pamięciowego (pistacja.tv)",matematyka,456,II.1.
https://pistacja.tv/film/mat00008-metody-dodawania-pamieciowego,"Metody dodawania pamięciowego (pistacja.tv)",matematyka,456,II.1.
https://pistacja.tv/film/mat00007-wlasnosci-dodawania,"Własności dodawania (pistacja.tv)",matematyka,456,II.5.
https://pistacja.tv/film/mat00006-dodawanie-i-odejmowanie,"Dodawanie i odejmowanie (pistacja.tv)",matematyka,456,II.1.
https://pistacja.tv/film/mat00005-zaznaczanie-i-odczytywanie-liczb-na-osi-liczbowej,"Zaznaczanie i odczytywanie liczb na osi liczbowej (pistacja.tv)",matematyka,456,I.2.
https://pistacja.tv/film/mat00004-os-liczbowa-wprowadzenie,"Oś liczbowa - wprowadzenie (pistacja.tv)",matematyka,456,I.2.
https://pistacja.tv/film/mat00003-zaokraglanie-liczb-naturalnych,"Zaokrąglanie liczb naturalnych (pistacja.tv)",matematyka,456,I.4.
https://pistacja.tv/film/mat00002-dziesiatkowy-uklad-pozycyjny,"Dziesiątkowy układ pozycyjny (pistacja.tv)",matematyka,456,I.1.
https://pistacja.tv/film/mat00001-liczby-naturalne,"Liczby naturalne (pistacja.tv)",matematyka,456,I.1.
https://pistacja.tv/film/mat00159-odejmowanie-liczb-calkowitych,"Odejmowanie liczb całkowitych (pistacja.tv)",matematyka,456,III.5.
https://pistacja.tv/film/mat00535-ostroslupy-zadania,"Ostrosłupy - zadania (pistacja.tv)",matematyka,78,XI.3.
https://pistacja.tv/film/mat00534-ostroslup-prawidlowy-czworokatny-i-szesciokatny-obliczanie-dlugosci-odcinkow,"Ostrosłup prawidłowy czworokątny i sześciokątny - obliczanie długości odcinków (pistacja.tv)",matematyka,78,VIII.8.,XI.3.
https://pistacja.tv/film/mat00533-ostroslup-prawidlowy-trojkatny-obliczanie-dlugosci-odcinkow,"Ostrosłup prawidłowy trójkątny - obliczanie długości odcinków (pistacja.tv)",matematyka,78,VIII.8.,XI.3.
https://pistacja.tv/film/mat00532-siatka-i-pole-powierzchni-ostroslupa,"Siatka i pole powierzchni ostrosłupa (pistacja.tv)",matematyka,78,XI.3.
https://pistacja.tv/film/mat00531-rysowanie-ostroslupow,"Rysowanie ostrosłupów (pistacja.tv)",matematyka,78,XI.1.
https://pistacja.tv/film/mat00523-objetosc-ostroslupa,"Objętość ostrosłupa (pistacja.tv)",matematyka,78,XI.3.
https://pistacja.tv/film/mat00522-rodzaje-ostroslupow,"Rodzaje ostrosłupów (pistacja.tv)",matematyka,78,XI.1.
https://pistacja.tv/film/mat00468-suma-katow-w-trojkacie,"Suma kątów w trójkącie (pistacja.tv)",matematyka,78,VIII.9.
https://pistacja.tv/film/mat00447-pole-pierscienia-kolowego,"Pole pierścienia kołowego (pistacja.tv)",matematyka,78,XIV.5.
https://pistacja.tv/film/mat00446-pole-kola,"Pole koła (pistacja.tv)",matematyka,78,XIV.3.,XIV.4.
https://pistacja.tv/film/mat00444-liczba-pi-i-obwod-kola,"Liczba pi i obwód koła (pistacja.tv)",matematyka,78,XIV.1.,XIV.2.
https://pistacja.tv/film/mat00821-notacja-wykladnicza-zadania-tekstowe,"Notacja wykładnicza - zadania tekstowe (pistacja.tv)",matematyka,78,I.5.
https://pistacja.tv/film/mat00316-notacja-wykladnicza-zamiana-jednostek,"Notacja wykładnicza - zamiana jednostek (pistacja.tv)",matematyka,78,I.5.
https://pistacja.tv/film/mat00314-zapisywanie-malych-liczb-w-notacji-wykladniczej,"Zapisywanie małych liczb w notacji wykładniczej (pistacja.tv)",matematyka,78,I.5.
https://pistacja.tv/film/mat00822-dzialania-na-potegach-o-wykladniku-ujemnym,"Działania na potęgach o wykładniku ujemnym (pistacja.tv)",matematyka,78,I.5.
https://pistacja.tv/film/mat00313-czym-jest-potega-o-wykladniku-ujemnym,"Czym jest potęga o wykładniku ujemnym? (pistacja.tv)",matematyka,78,I.5.
https://pistacja.tv/film/mat00312-zapisywanie-duzych-liczb-w-notacji-wykladniczej,"Zapisywanie dużych liczb w notacji wykładniczej (pistacja.tv)",matematyka,78,I.5.
https://pistacja.tv/film/mat00512-szesciokat-foremny,"Sześciokąt foremny (pistacja.tv)",matematyka,78,IX.1.,MAT-LIC-VIII.3.,MAT-LIC-VIII.12.
https://pistacja.tv/film/mat00510-liczba-przekatnych-wielokata-foremnego,"Liczba przekątnych wielokąta foremnego (pistacja.tv)",matematyka,78,IX.1.,MAT-LIC-VIII.3.,MAT-LIC-VIII.12.
https://pistacja.tv/film/mat00509-kat-wewnetrzny-wielokata-foremnego,"Kąt wewnętrzny wielokąta foremnego (pistacja.tv)",matematyka,78,IX.1.,MAT-LIC-VIII.3.,MAT-LIC-VIII.12.
https://pistacja.tv/film/mat00508-wielokaty-foremne,"Wielokąty foremne (pistacja.tv)",matematyka,78,IX.1.,MAT-LIC-VIII.3.
https://pistacja.tv/film/mat00332-dzielenie-pierwiastkow-szesciennych,"Dzielenie pierwiastków sześciennych (pistacja.tv)",matematyka,78,II.5.
https://pistacja.tv/film/mat00330-wlaczanie-czynnika-pod-znak-pierwiastka-szesciennego,"Włączanie czynnika pod znak pierwiastka sześciennego (pistacja.tv)",matematyka,78,II.1.,II.4.,II.5.
https://pistacja.tv/film/mat00329-wylaczanie-czynnika-przed-pierwiastek-szescienny,"Wyłączanie czynnika przed pierwiastek sześcienny (pistacja.tv)",matematyka,78,II.4.
https://pistacja.tv/film/mat00037-sprytne-sposoby-mnozenia-pierwiastkow-szesciennych,"Sprytne sposoby mnożenia pierwiastków sześciennych (pistacja.tv)",matematyka,78,II.5.
https://pistacja.tv/film/mat00328-mnozenie-pierwiastkow-szesciennych,"Mnożenie pierwiastków sześciennych (pistacja.tv)",matematyka,78,II.5.
https://pistacja.tv/film/mat00320-pierwiastki-szescienne-z-liczb-nieszesciennych,"Pierwiastki sześcienne z liczb niesześciennych (pistacja.tv)",matematyka,78,II.1.
https://pistacja.tv/film/mat00319-pierwiastek-szescienny-wprowadzenie,"Pierwiastek sześcienny - wprowadzenie (pistacja.tv)",matematyka,78,II.1.
https://pistacja.tv/film/mat00839-szukanie-punktow-wspolliniowych,"Szukanie punktów współliniowych (pistacja.tv)",matematyka,78,X.3.,X.6.
https://pistacja.tv/film/mat00838-dlugosc-i-srodek-odcinka-w-ukladzie-wspolrzednych,"Długość i środek odcinka w układzie współrzędnych (pistacja.tv)",matematyka,78,X.3.,X.4.
https://pistacja.tv/film/mat00403-odczytywanie-i-zaznaczanie-punktow-w-ukladzie-wspolrzednych,"Odczytywanie i zaznaczanie punktów w układzie współrzędnych (pistacja.tv)",matematyka,78,X.3.
https://pistacja.tv/film/mat00402-uklad-wspolrzednych-wprowadzenie,"Układ współrzędnych - wprowadzenie (pistacja.tv)",matematyka,78,X.2.
https://pistacja.tv/film/mat00530-twierdzenie-pitagorasa-w-graniastoslupach,"Twierdzenie Pitagorasa w graniastosłupach (pistacja.tv)",matematyka,78,VIII.8.,XI.1.
https://pistacja.tv/film/mat00529-graniastoslupy-zadania-na-pole-powierzchni-i-objetosc,"Graniastosłupy - zadania na pole powierzchni i objętość (pistacja.tv)",matematyka,78,XI.2.
https://pistacja.tv/film/mat00525-pole-powierzchni-graniastoslupa-siatki-graniastoslupow,"Pole powierzchni graniastosłupa. Siatki graniastosłupów (pistacja.tv)",matematyka,78,XI.2.
https://pistacja.tv/film/mat00524-objetosc-graniastoslupa,"Objętość graniastosłupa (pistacja.tv)",matematyka,78,XI.2.
https://pistacja.tv/film/mat00521-odcinki-w-graniastoslupach,"Odcinki w graniastosłupach (pistacja.tv)",matematyka,78,MAT-SP46-X.5.,XI.1.
https://pistacja.tv/film/mat00520-co-to-jest-graniastoslup-co-to-jest-graniastoslup-prawidlowy,"Co to jest graniastosłup? Co to jest graniastosłup prawidłowy? (pistacja.tv)",matematyka,78,XI.1.
https://pistacja.tv/film/mat00517-okrag-wpisany-i-opisany-na-kwadracie,"Okrąg wpisany i opisany na kwadracie (pistacja.tv)",matematyka,78,MAT-LIC-VIII.1.,MAT-LIC-VIII.2.
https://pistacja.tv/film/mat00511-trojkat-45-45-90-zadania-z-czworokatami,"Trójkąt 45, 45, 90 - zadania z czworokątami (pistacja.tv)",matematyka,78,IX.2.
https://pistacja.tv/film/mat00452-trojkat-45-45-90-obliczanie-dlugosci-bokow,"Trójkąt 45, 45, 90 - obliczanie długości boków (pistacja.tv)",matematyka,78,VIII.8.
https://pistacja.tv/film/mat00451-trojkat-45-45-90-wprowadzenie,"Trójkąt 45, 45, 90 - wprowadzenie (pistacja.tv)",matematyka,78,VIII.8.
https://pistacja.tv/film/mat00459-twierdzenie-pitagorasa-zadania-2,"Twierdzenie Pitagorasa - zadania 2 (pistacja.tv)",matematyka,78,VIII.8.
https://pistacja.tv/film/mat00457-trojkat-30-60-90-zadania,"Trójkąt 30, 60, 90 - zadania (pistacja.tv)",matematyka,78,VIII.8.
https://pistacja.tv/film/mat00456-trojkat-30-60-90,"Trójkąt 30, 60, 90 (pistacja.tv)",matematyka,78,VIII.8.
https://pistacja.tv/film/mat00454-pole-trojkata-rownobocznego,"Pole trójkąta równobocznego (pistacja.tv)",matematyka,78,VIII.8.
https://pistacja.tv/film/mat00453-wysokosc-trojkata-rownobocznego,"Wysokość trójkąta równobocznego (pistacja.tv)",matematyka,78,VIII.8.
https://pistacja.tv/film/mat00375-proporcja-odwrotna,"Proporcja odwrotna (pistacja.tv)",matematyka,78,MAT-LIC-V.13.
https://pistacja.tv/film/mat00374-proporcja-prosta,"Proporcja prosta (pistacja.tv)",matematyka,78,VII.1.,VII.2.
https://pistacja.tv/film/mat00373-stosunek-dwoch-wielkosci-tego-samego-rodzaju,"Stosunek dwóch wielkości tego samego rodzaju (pistacja.tv)",matematyka,78,VII.2.,VII.3.
https://pistacja.tv/film/mat00829-twierdzenie-pitagorasa-zadania-z-trojkatami,"Twierdzenie Pitagorasa - zadania z trójkątami (pistacja.tv)",matematyka,78,VIII.8.
https://pistacja.tv/film/mat00477-twierdzenie-pitagorasa-w-czworokatach,"Twierdzenie Pitagorasa w czworokątach (pistacja.tv)",matematyka,78,VIII.8.
https://pistacja.tv/film/mat00461-twierdzenie-pitagorasa-w-ukladzie-wspolrzednych,"Twierdzenie Pitagorasa w układzie współrzędnych (pistacja.tv)",matematyka,78,X.5.
https://pistacja.tv/film/mat00458-twierdzenie-pitagorasa-zadania-na-obliczanie-dlugosci-bokow-trojkata-prostokatnego,"Twierdzenie Pitagorasa - zadania na obliczanie długości boków trójkąta prostokątnego (pistacja.tv)",matematyka,78,VIII.8.
https://pistacja.tv/film/mat00450-dlugosci-bokow-w-trojkacie-prostokatnym,"Długości boków w trójkącie prostokątnym (pistacja.tv)",matematyka,78,VIII.8.
https://pistacja.tv/film/mat00449-twierdzenie-pitagorasa-wprowadzenie,"Twierdzenie Pitagorasa - wprowadzenie (pistacja.tv)",matematyka,78,VIII.8.
https://pistacja.tv/film/mat00828-dowody-matematyczne-przystawanie-figur-czesc-2,"Dowody matematyczne - przystawanie figur (część 2) (pistacja.tv)",matematyka,78,VIII.4.,VIII.9.
https://pistacja.tv/film/mat00827-dowody-matematyczne-przystawanie-figur-czesc-1,"Dowody matematyczne - przystawanie figur (część 1) (pistacja.tv)",matematyka,78,VIII.1.,VIII.3.,VIII.4.,VIII.5.,VIII.9.
https://pistacja.tv/film/mat00826-dowody-matematyczne-pole,"Dowody matematyczne - pole (pistacja.tv)",matematyka,78,VIII.9.
https://pistacja.tv/film/mat00825-dowody-matematyczne-rachunek-katow-czesc-2,"Dowody matematyczne - rachunek kątów (część 2) (pistacja.tv)",matematyka,78,VIII.1.,VIII.5.,VIII.7.,VIII.9.
https://pistacja.tv/film/mat00824-dowody-matematyczne-rachunek-katow-czesc-1,"Dowody matematyczne - rachunek kątów (część 1) (pistacja.tv)",matematyka,78,VIII.1.,VIII.3.,VIII.7.,VIII.9.
https://pistacja.tv/film/mat00823-dowody-matematyczne-wprowadzenie,"Dowody matematyczne - wprowadzenie (pistacja.tv)",matematyka,78,VIII.9.
https://pistacja.tv/film/mat00380-rownania-zadania-procentowe,"Równania: zadania procentowe (pistacja.tv)",matematyka,78,VI.4.
https://pistacja.tv/film/mat00379-rownania-zadania-tekstowe,"Równania - zadania tekstowe (pistacja.tv)",matematyka,78,VI.4.
https://pistacja.tv/film/mat00378-zadania-o-wieku-ludzi,"Zadania o wieku ludzi (pistacja.tv)",matematyka,78,VI.4.
https://pistacja.tv/film/mat00377-rownania-zadania-o-liczbach,"Równania - zadania o liczbach (pistacja.tv)",matematyka,78,VI.4.
https://pistacja.tv/film/mat00376-rownania-zadania-geometryczne,"Równania - zadania geometryczne (pistacja.tv)",matematyka,78,VI.4.
https://pistacja.tv/film/mat00488-przystawanie-trojkatow,"Przystawanie trójkątów (pistacja.tv)",matematyka,78,VIII.4.
https://pistacja.tv/film/mat00479-pole-trojkata-zadania,"Pole trójkąta - zadania (pistacja.tv)",matematyka,78,IX.2.
https://pistacja.tv/film/mat00470-pole-trojkata,"Pole trójkąta (pistacja.tv)",matematyka,78,XI.2.
https://pistacja.tv/film/mat00469-nierownosc-trojkata,"Nierówność trójkąta (pistacja.tv)",matematyka,78,VIII.9.
https://pistacja.tv/film/mat00466-podzial-trojkatow-zadania,"Podział trójkątów - zadania (pistacja.tv)",matematyka,78,MAT-SP46-IX.8.,VIII.5.,VIII.7.
https://pistacja.tv/film/mat00467-podzial-trojkatow,"Podział trójkątów (pistacja.tv)",matematyka,78,VIII.6.
https://pistacja.tv/film/mat00331-szacowanie-wartosci-pierwiastkow,"Szacowanie wartości pierwiastków (pistacja.tv)",matematyka,78,II.2.,II.3.
https://pistacja.tv/film/mat00327-usuwanie-niewymiernosci-z-mianownika,"Usuwanie niewymierności z mianownika (pistacja.tv)",matematyka,78,MAT-LIC-I.3.
https://pistacja.tv/film/mat00326-dodawanie-i-odejmowanie-pierwiastkow,"Dodawanie i odejmowanie pierwiastków (pistacja.tv)",matematyka,78,II.5.
https://pistacja.tv/film/mat00820-rysowanie-figur-symetrycznych,"Rysowanie figur symetrycznych (pistacja.tv)",matematyka,78,XV.3.
https://pistacja.tv/film/mat00496-symetria-srodkowa-w-ukladzie-wspolrzednych,"Symetria środkowa w układzie współrzędnych (pistacja.tv)",matematyka,78,XV.4.
https://pistacja.tv/film/mat00495-figury-srodkowosymetryczne,"Figury środkowosymetryczne (pistacja.tv)",matematyka,78,XV.4.
https://pistacja.tv/film/mat00492-figury-symetryczne-wzgledem-punktu,"Figury symetryczne względem punktu (pistacja.tv)",matematyka,78,XV.4.
https://pistacja.tv/film/mat00494-symetria-osiowa-w-ukladzie-wspolrzednych,"Symetria osiowa w układzie współrzędnych (pistacja.tv)",matematyka,78,XV.3.
https://pistacja.tv/film/mat00493-figury-osiowosymetryczne,"Figury osiowosymetryczne (pistacja.tv)",matematyka,78,XV.3.
https://pistacja.tv/film/mat00491-figury-symetryczne-wzgledem-prostej,"Figury symetryczne względem prostej (pistacja.tv)",matematyka,78,XV.3.
https://pistacja.tv/film/mat00432-rzut-dwiema-kostkami,"Rzut dwiema kostkami (pistacja.tv)",matematyka,78,XII.1.,XII.2.
https://pistacja.tv/film/mat00429-rzut-kostka,"Rzut kostką (pistacja.tv)",matematyka,78,XII.1.,XII.2.
https://pistacja.tv/film/mat00428-rzut-moneta,"Rzut monetą (pistacja.tv)",matematyka,78,XII.1.,XII.2.
https://pistacja.tv/film/mat00431-ile-jest-kulek-w-pojemniku,"Ile jest kulek w pojemniku? (pistacja.tv)",matematyka,78,XII.1.,XII.2.
https://pistacja.tv/film/mat00430-losowanie-na-loterii,"Losowanie na loterii (pistacja.tv)",matematyka,78,XII.1.,XII.2.
https://pistacja.tv/film/mat00434-prawdopodobienstwo-wprowadzenie,"Prawdopodobieństwo - wprowadzenie (pistacja.tv)",matematyka,78,XVII.1.,XVII.2.
https://pistacja.tv/film/mat00472-kwadrat-pole-i-obwod,"Kwadrat - pole i obwód (pistacja.tv)",matematyka,78,IX.2.
https://pistacja.tv/film/mat00471-prostokat-pole-i-obwod,"Prostokąt - pole i obwód (pistacja.tv)",matematyka,78,IX.2.
https://pistacja.tv/film/mat00462-prostokat-wlasnosci,"Prostokąt - własności (pistacja.tv)",matematyka,78,IX.2.
https://pistacja.tv/film/mat00424-przedstawianie-danych-diagram-procentowy,"Przedstawianie danych - diagram procentowy (pistacja.tv)",matematyka,78,XIII.2.
https://pistacja.tv/film/mat00423-przedstawianie-danych-diagram-kolowy,"Przedstawianie danych - diagram kołowy (pistacja.tv)",matematyka,78,XIII.2.
https://pistacja.tv/film/mat00422-przedstawianie-danych-diagram-slupkowy,"Przedstawianie danych - diagram słupkowy (pistacja.tv)",matematyka,78,XIII.2.
https://pistacja.tv/film/mat00421-wyszukiwanie-i-porzadkowanie-informacji-tabele,"Wyszukiwanie i porządkowanie informacji - tabele (pistacja.tv)",matematyka,78,XIII.1.
https://pistacja.tv/film/mat00420-interpretacja-danych-diagram-procentowy,"Interpretacja danych - diagram procentowy (pistacja.tv)",matematyka,78,XIII.1.
https://pistacja.tv/film/mat00419-interpretacja-danych-diagram-kolowy,"Interpretacja danych - diagram kołowy (pistacja.tv)",matematyka,78,XIII.1.
https://pistacja.tv/film/mat00418-interpretacja-danych-diagram-slupkowy,"Interpretacja danych - diagram słupkowy (pistacja.tv)",matematyka,78,XIII.1.
https://pistacja.tv/film/mat00417-interpretacja-danych-przedstawionych-w-tabelach,"Interpretacja danych przedstawionych w tabelach (pistacja.tv)",matematyka,78,XIII.1.
https://pistacja.tv/film/mat00371-przeksztalcenia-wzorow,"Przekształcenia wzorów (pistacja.tv)",matematyka,78,VI.5.
https://pistacja.tv/film/mat00387-rownania-oznaczone-nieoznaczone-i-sprzeczne,"Równania oznaczone, nieoznaczone i sprzeczne (pistacja.tv)",matematyka,78,MAT-LIC-III.2.
https://pistacja.tv/film/mat00400-rozwiazywanie-rownan-podsumowanie,"Rozwiązywanie równań - Podsumowanie (pistacja.tv)",matematyka,78,VI.5.,MAT-LIC-III.1.
https://pistacja.tv/film/mat00386-rozwiazywanie-rownan-rownania-z-ulamkami,"Rozwiązywanie równań - Równania z ułamkami (pistacja.tv)",matematyka,78,VI.2.,VI.3.
https://pistacja.tv/film/mat00385-rozwiazywanie-rownan-rownania-z-nawiasami,"Rozwiązywanie równań - Równania z nawiasami (pistacja.tv)",matematyka,78,VI.3.
https://pistacja.tv/film/mat00384-rozwiazywanie-rownan-rozwiazanie-w-dwoch-krokach,"Rozwiązywanie równań - Rozwiązanie w dwóch krokach (pistacja.tv)",matematyka,78,VI.2.
https://pistacja.tv/film/mat00383-rozwiazywanie-rownan-wprowadzenie,"Rozwiązywanie równań - Wprowadzenie (pistacja.tv)",matematyka,78,VI.1.,VI.2.
https://pistacja.tv/film/mat00382-liczba-spelniajaca-rownanie,"Liczba spełniająca równanie (pistacja.tv)",matematyka,78,VI.1.,VI.4.
https://pistacja.tv/film/mat00372-zapisywanie-wyrazen-za-pomoca-rownan,"Zapisywanie wyrażeń za pomocą równań (pistacja.tv)",matematyka,78,III.3.,VI.4.
https://pistacja.tv/film/mat00333-mnozenie-i-dzielenie-pierwiastkow-kwadratowych-przyklady,"Mnożenie i dzielenie pierwiastków kwadratowych - przykłady (pistacja.tv)",matematyka,78,II.5.
https://pistacja.tv/film/mat00322-wlaczanie-czynnika-pod-znak-pierwiastka,"Włączanie czynnika pod znak pierwiastka (pistacja.tv)",matematyka,78,II.4.
https://pistacja.tv/film/mat00321-wylaczanie-czynnika-przed-znak-pierwiastka,"Wyłączanie czynnika przed znak pierwiastka (pistacja.tv)",matematyka,78,II.4.
https://pistacja.tv/film/mat00325-dzielenie-pierwiastkow-kwadratowych,"Dzielenie pierwiastków kwadratowych (pistacja.tv)",matematyka,78,II.5.
https://pistacja.tv/film/mat00324-mnozenie-pierwiastkow-kwadratowych,"Mnożenie pierwiastków kwadratowych (pistacja.tv)",matematyka,78,II.5.
https://pistacja.tv/film/mat00318-pierwiastek-kwadratowy-z-liczb-niekwadratowych,"Pierwiastek kwadratowy z liczb niekwadratowych (pistacja.tv)",matematyka,78,II.1.
https://pistacja.tv/film/mat00323-pierwiastek-kwadratowy-przyklady,"Pierwiastek kwadratowy - przykłady (pistacja.tv)",matematyka,78,II.1.
https://pistacja.tv/film/mat00317-pierwiastek-kwadratowy-wprowadzenie,"Pierwiastek kwadratowy - wprowadzenie (pistacja.tv)",matematyka,78,II.1.
https://pistacja.tv/film/mat00460-katy-obliczenia,"Kąty - obliczenia (pistacja.tv)",matematyka,78,VIII.7.
https://pistacja.tv/film/mat00440-katy-wierzcholkowe-naprzemianlegle-i-odpowiadajace,"Kąty wierzchołkowe, naprzemianległe i odpowiadające (pistacja.tv)",matematyka,78,VIII.1.,VIII.3.
https://pistacja.tv/film/mat00439-katy-przylegle,"Kąty przyległe (pistacja.tv)",matematyka,78,VIII.1.
https://pistacja.tv/film/mat00438-katy,"Kąty (pistacja.tv)",matematyka,78,VIII.2.
https://pistacja.tv/film/mat00437-pojecia-w-geometrii,"Pojęcia w geometrii (pistacja.tv)",matematyka,78,VIII.2.
https://pistacja.tv/film/mat00353-poszukiwanie-zaleznosci-geometrycznych,"Poszukiwanie zależności geometrycznych (pistacja.tv)",matematyka,78,MAT-SP46-XIV.3.,III.3.,III.4.
https://pistacja.tv/film/mat00370-poszukiwanie-zaleznosci-liczbowych,"Poszukiwanie zależności liczbowych (pistacja.tv)",matematyka,78,MAT-SP46-XIV.3.,III.3.,III.4.
https://pistacja.tv/film/mat00367-sumy-algebraiczne-zadania-tekstowe,"Sumy algebraiczne - zadania tekstowe (pistacja.tv)",matematyka,78,III.3.,III.4.
https://pistacja.tv/film/mat00368-mnozenie-sum-algebraicznych,"Mnożenie sum algebraicznych (pistacja.tv)",matematyka,78,IV.4.
https://pistacja.tv/film/mat00348-wylaczanie-wspolnego-czynnika-przed-nawias-przyklady,"Wyłączanie wspólnego czynnika przed nawias - przykłady (pistacja.tv)",matematyka,78,IV.1.,VI.5.,MAT-LIC-II.3.
https://pistacja.tv/film/mat00364-wylaczanie-wspolnego-czynnika-przed-nawias-wprowadzenie,"Wyłączanie wspólnego czynnika przed nawias - wprowadzenie (pistacja.tv)",matematyka,78,IV.1.,VI.5.,MAT-LIC-II.3.
https://pistacja.tv/film/mat00363-mnozenie-jednomianu-przez-sume-algebraiczna,"Mnożenie jednomianu przez sumę algebraiczną (pistacja.tv)",matematyka,78,IV.3.
https://pistacja.tv/film/mat00347-diagramy-procentowe,"Diagramy procentowe (pistacja.tv)",matematyka,78,XIII.1.
https://pistacja.tv/film/mat00345-promile,"Promile (pistacja.tv)",matematyka,78,V.1.
https://pistacja.tv/film/mat00343-procenty-w-zadaniach-geometrycznych,"Procenty w zadaniach geometrycznych (pistacja.tv)",matematyka,78,V.5.
https://pistacja.tv/film/mat00340-lokaty-bankowe,"Lokaty bankowe (pistacja.tv)",matematyka,78,V.5.
https://pistacja.tv/film/mat00339-podatki,"Podatki (pistacja.tv)",matematyka,78,V.5.
https://pistacja.tv/film/mat00338-roztwory,"Roztwory (pistacja.tv)",matematyka,78,V.5.
https://pistacja.tv/film/mat00344-procenty-w-zadaniach-tekstowych,"Procenty w zadaniach tekstowych (pistacja.tv)",matematyka,78,VI.4.
https://pistacja.tv/film/mat00342-obnizki,"Obniżki (pistacja.tv)",matematyka,78,V.5.
https://pistacja.tv/film/mat00341-podwyzki,"Podwyżki (pistacja.tv)",matematyka,78,V.5.
https://pistacja.tv/film/mat00337-wiecej-niz-100,"Więcej niż 100% (pistacja.tv)",matematyka,78,V.1.
https://pistacja.tv/film/mat00336-obliczanie-liczby-na-podstawie-danego-jej-procentu,"Obliczanie liczby na podstawie danego jej procentu (pistacja.tv)",matematyka,78,V.4.
https://pistacja.tv/film/mat00335-obliczanie-jakim-procentem-jednej-liczby-jest-druga-liczba,"Obliczanie, jakim procentem jednej liczby jest druga liczba (pistacja.tv)",matematyka,78,V.3.
https://pistacja.tv/film/mat00334-obliczanie-procentu-danej-liczby,"Obliczanie procentu danej liczby (pistacja.tv)",matematyka,78,V.2.
https://pistacja.tv/film/mat00346-co-to-sa-procenty-zamiana-procentu-na-ulamek,"Co to są procenty? - Zamiana procentu na ułamek (pistacja.tv)",matematyka,78,V.1.
https://pistacja.tv/film/mat00349-co-to-sa-procenty-zamiana-ulamka-na-procent,"Co to są procenty? - Zamiana ułamka na procent (pistacja.tv)",matematyka,78,V.1.
https://pistacja.tv/film/mat00366-dzialania-na-sumach-algebraicznych,"Działania na sumach algebraicznych (pistacja.tv)",matematyka,78,IV.2.,IV.3.
https://pistacja.tv/film/mat00365-mnozenie-sumy-algebraicznej-przez-liczbe,"Mnożenie sumy algebraicznej przez liczbę (pistacja.tv)",matematyka,78,IV.1.,VI.5.
https://pistacja.tv/film/mat00357-wartosc-liczbowa-sumy-algebraicznej,"Wartość liczbowa sumy algebraicznej (pistacja.tv)",matematyka,78,III.2.
https://pistacja.tv/film/mat00360-dodawanie-i-odejmowanie-sum-algebraicznych,"Dodawanie i odejmowanie sum algebraicznych (pistacja.tv)",matematyka,78,IV.2.
https://pistacja.tv/film/mat00355-suma-algebraiczna-przyklady,"Suma algebraiczna - przykłady (pistacja.tv)",matematyka,78,III.3.,III.4.
https://pistacja.tv/film/mat00359-suma-algebraiczna-wprowadzenie,"Suma algebraiczna - wprowadzenie (pistacja.tv)",matematyka,78,III.3.,III.4.
https://pistacja.tv/film/mat00358-jednomiany-podobne,"Jednomiany podobne (pistacja.tv)",matematyka,78,III.3.,III.4.,IV.1.
https://pistacja.tv/film/mat00354-potegowanie-jednomianu,"Potęgowanie jednomianu (pistacja.tv)",matematyka,78,IV.1.
https://pistacja.tv/film/mat00356-wartosc-liczbowa-jednomianu,"Wartość liczbowa jednomianu (pistacja.tv)",matematyka,78,III.2.
https://pistacja.tv/film/mat00362-dzielenie-jednomianow,"Dzielenie jednomianów (pistacja.tv)",matematyka,78,III.3.,III.4.,IV.1.
https://pistacja.tv/film/mat00361-mnozenie-jednomianow,"Mnożenie jednomianów (pistacja.tv)",matematyka,78,III.3.,III.4.,IV.1.
https://pistacja.tv/film/mat00352-jednomiany-definicja-i-przyklady,"Jednomiany - definicja i przykłady (pistacja.tv)",matematyka,78,III.1.
https://pistacja.tv/film/mat00311-dzialania-na-potegach-o-wykladniku-naturalnym,"Działania na potęgach o wykładniku naturalnym (pistacja.tv)",matematyka,78,I.2.,I.3.
https://pistacja.tv/film/mat00307-porownywanie-poteg-o-roznych-podstawach-i-jednakowych-wykladnikach-naturalnych,"Porównywanie potęg o różnych podstawach i jednakowych wykładnikach naturalnych (pistacja.tv)",matematyka,78,I.1.
https://pistacja.tv/film/mat00308-porownywanie-poteg-o-roznych-wykladnikach-naturalnych-i-jednakowych-podstawach,"Porównywanie potęg o różnych wykładnikach naturalnych i jednakowych podstawach (pistacja.tv)",matematyka,78,I.1.
https://pistacja.tv/film/mat00304-dzielenie-poteg-o-jednakowych-wykladnikach,"Dzielenie potęg o jednakowych wykładnikach (pistacja.tv)",matematyka,78,I.3.
https://pistacja.tv/film/mat00303-mnozenie-poteg-o-jednakowych-wykladnikach,"Mnożenie potęg o jednakowych wykładnikach (pistacja.tv)",matematyka,78,I.3.
https://pistacja.tv/film/mat00306-przedstawianie-liczb-w-postaci-poteg-jednej-liczby,"Przedstawianie liczb w postaci potęg jednej liczby (pistacja.tv)",matematyka,78,I.4.
https://pistacja.tv/film/mat00305-potega-potegi,"Potęga potęgi (pistacja.tv)",matematyka,78,I.4.
https://pistacja.tv/film/mat00302-dzielenie-poteg-o-tej-samej-podstawie,"Dzielenie potęg o tej samej podstawie (pistacja.tv)",matematyka,78,I.2.
https://pistacja.tv/film/mat00301-mnozenie-poteg-o-tej-samej-podstawie,"Mnożenie potęg o tej samej podstawie (pistacja.tv)",matematyka,78,I.2.
https://pistacja.tv/film/mat00315-potegowanie-liczb-ujemnych-przypomnienie,"Potęgowanie liczb ujemnych - przypomnienie (pistacja.tv)",matematyka,78,I.1.
https://pistacja.tv/film/mat00300-potegowanie-ulamkow,"Potęgowanie ułamków (pistacja.tv)",matematyka,78,I.1.
https://pistacja.tv/film/mat00299-pojecie-potegi,"Pojęcie potęgi (pistacja.tv)",matematyka,78,I.1.
